Name,Muscle Group,Equipment,Category,Aliases,Type
1.5 Rep Bench Press,chest,barbell,compound,One and Half Bench Press,strength
1.5 Rep Cable Fly,chest,cable,isolation,One and Half Cable Fly,strength
1.5 Rep Dumbbell Bench Press,chest,dumbbell,compound,One and a Half Rep DB Bench,strength
1.5 Rep Dumbbell Fly,chest,dumbbell,isolation,One and Half DB Fly,strength
Alternating Dumbbell Bench Press,chest,dumbbell,compound,"Alternating DB Bench, Alt DB Bench Press",strength
Archer Push Up,chest,bodyweight,compound,Archer Push-Up,bodyweight
Around the World,chest,dumbbell,isolation,DB Around the World,strength
Band Chest Fly,chest,band,isolation,"Resistance Band Fly, Band Fly, Band Flye",strength
Band Chest Fly Incline,chest,band,isolation,Incline Band Fly,strength
Band Chest Press,chest,band,compound,Resistance Band Chest Press,strength
Band Push Up,chest,band,compound,"Banded Push Up, Resistance Band Push Up",strength
Band Resisted Dip,chest,band,compound,Banded Resisted Dip,strength
Band Resisted Push Up,chest,band,compound,Banded Push Up Resisted,strength
Banded Bench Press,chest,band,compound,Resistance Band Bench Press,strength
Banded Bench Press Heavy,chest,barbell,compound,Band Resisted Bench,strength
Banded Dip,chest,band,compound,Band Assisted Dip,strength
Barbell Bench Press,chest,barbell,compound,"BB Bench Press, Bench Press, Flat Bench Press, Flat BB Bench, Barbell Flat Bench Press",strength
Board Press,chest,barbell,compound,"1 Board Press, 2 Board Press, 3 Board Press",strength
Cable Bench Press,chest,cable,compound,Cable Chest Press,strength
Cable Chest Fly Decline,chest,cable,isolation,Decline Cable Chest Fly,strength
Cable Chest Fly Incline,chest,cable,isolation,Incline Cable Chest Fly,strength
Cable Crossover High Pulley,chest,cable,isolation,High Pulley Cable Crossover,strength
Cable Crossover Low Pulley,chest,cable,isolation,Low Pulley Cable Crossover,strength
Cable Fly,chest,cable,isolation,"Cable Flye, Cable Flies, Standing Cable Fly, Mid Cable Fly",strength
Cable Incline Press,chest,cable,compound,Incline Cable Press,strength
Cambered Bar Bench Press,chest,barbell,compound,Cambered BB Bench,strength
Chain Bench Press,chest,barbell,compound,Bench Press with Chains,strength
Chaos Band Push Up,chest,band,compound,Unstable Push Up,strength
Chest Dip Weighted Pause,chest,bodyweight,compound,Paused Weighted Dip,strength
Clap Push Up,chest,bodyweight,plyometric,"Clap Push-Up, Plyometric Push Up",bodyweight
Close Grip Bench Press,chest,barbell,compound,"Close Grip BB Bench, CG Bench Press, CGBP, Narrow Grip Bench Press",strength
Close Grip Dumbbell Bench Press,chest,dumbbell,compound,"Close Grip DB Bench, Neutral Grip DB Bench Press",strength
Cluster Set Bench Press,chest,barbell,compound,Cluster Bench,strength
Converging Chest Press Machine,chest,machine,compound,Converging Machine Press,strength
Decline Barbell Bench Press,chest,barbell,compound,"Decline BB Bench, Decline Bench Press, Decline Bench, Decline BB Press",strength
Decline Cable Fly,chest,cable,isolation,Decline Cable Flye,strength
Decline Dumbbell Bench Press,chest,dumbbell,compound,"Decline DB Bench, Decline DB Press, Decline Dumbbell Press",strength
Decline Dumbbell Fly,chest,dumbbell,isolation,"Decline DB Fly, Decline DB Flye",strength
Decline Dumbbell Pullover,chest,dumbbell,isolation,Decline DB Pullover,strength
Decline Machine Chest Press,chest,machine,compound,Decline Machine Press,strength
Decline Push Up,chest,bodyweight,compound,"Decline Push-Up, Feet Elevated Push Up",bodyweight
Deficit Push Up,chest,bodyweight,compound,"Deficit Push-Up, Deep Push Up",bodyweight
Diamond Push Up,chest,bodyweight,compound,"Diamond Push-Up, Close Grip Push Up, Triangle Push Up",bodyweight
Dip,chest,bodyweight,compound,"Chest Dip, Parallel Bar Dip, Dips, Bar Dip",bodyweight
Doorway Chest Stretch,chest,bodyweight,isolation,Chest Stretch,holds
Dumbbell Bench Press,chest,dumbbell,compound,"DB Bench Press, DB Bench, Dumbbell Flat Bench, Flat DB Press, DB Flat Press, Dumbbell Flat Press",strength
Dumbbell Floor Fly,chest,dumbbell,isolation,DB Floor Fly,strength
Dumbbell Floor Press,chest,dumbbell,compound,DB Floor Press,strength
Dumbbell Fly,chest,dumbbell,isolation,"DB Fly, DB Flye, DB Flies, Dumbbell Flye, Flat Dumbbell Fly, Flat DB Fly",strength
Dumbbell Fly to Press,chest,dumbbell,compound,"DB Fly Press, Flye to Press",strength
Dumbbell Incline Squeeze Press,chest,dumbbell,compound,"Incline Squeeze Press, Incline Hex Press",strength
Dumbbell Pullover,chest,dumbbell,isolation,"DB Pullover, Cross Bench Pullover",strength
Dumbbell Pullover to Press,chest,dumbbell,compound,DB Pullover Press,strength
Dumbbell Squeeze Press,chest,dumbbell,compound,"DB Squeeze Press, Hex Press, Crush Press",strength
Eccentric Dumbbell Fly,chest,dumbbell,isolation,Negative DB Fly,strength
Eccentric Push Up,chest,bodyweight,compound,"Negative Push Up, Slow Push Up",bodyweight
Explosive Push Up,chest,bodyweight,plyometric,Power Push Up,bodyweight
Floor Press,chest,barbell,compound,"BB Floor Press, Barbell Floor Press",strength
Football Bar Bench Press,chest,barbell,compound,"Swiss Bar Bench, Neutral Grip BB Bench",strength
Guillotine Press,chest,barbell,compound,"Neck Press, Barbell Guillotine Press",strength
High Cable Crossover,chest,cable,isolation,High Cable Cross,strength
High Cable Fly,chest,cable,isolation,"High to Low Cable Fly, Cable Crossover, High Cable Flye, Cable Cross",strength
High Incline Barbell Press,chest,barbell,compound,High Incline BB Press,strength
High Incline Dumbbell Press,chest,dumbbell,compound,"High Incline DB Press, 60 Degree DB Press",strength
Incline Barbell Bench Press,chest,barbell,compound,"Incline BB Bench, Incline Bench Press, Incline Bench, Incline BB Press",strength
Incline Barbell Floor Press,chest,barbell,compound,Incline Floor Press,strength
Incline Barbell Pullover,chest,barbell,isolation,"BB Pullover, Barbell Pullover",strength
Incline Cable Fly,chest,cable,isolation,Incline Cable Flye,strength
Incline Dumbbell Bench Press,chest,dumbbell,compound,"Incline DB Bench, Incline DB Press, Incline Dumbbell Press, DB Incline Press, DB Incline Bench",strength
Incline Dumbbell Fly,chest,dumbbell,isolation,"Incline DB Fly, Incline DB Flye, Incline Flye",strength
Incline Dumbbell Fly to Press,chest,dumbbell,compound,Incline DB Fly Press,strength
Incline Dumbbell Pullover,chest,dumbbell,isolation,Incline DB Pullover,strength
Incline Machine Chest Press,chest,machine,compound,"Incline Machine Press, Incline Chest Press Machine",strength
Incline Neutral Grip Dumbbell Press,chest,dumbbell,compound,Incline Hammer Grip DB Press,strength
Incline Push Up,chest,bodyweight,compound,"Incline Push-Up, Incline Pushup, Elevated Push Up",bodyweight
Incline Push Up on Smith Machine,chest,machine,compound,Smith Machine Incline Push Up,strength
Incline Single Arm Cable Fly,chest,cable,isolation,One Arm Incline Cable Fly,strength
Incline Smith Machine Bench Press,chest,machine,compound,Incline Smith Bench,strength
Incline Smith Machine Press,chest,machine,compound,Smith Incline Press,strength
Iso Hold Dumbbell Bench Press,chest,dumbbell,compound,Iso DB Bench,holds
Iso Lateral Chest Press Machine,chest,machine,compound,ISO Lateral Chest Press,strength
Isometric Push Up Hold,chest,bodyweight,isolation,Push Up ISO Hold,holds
Kettlebell Bench Press,chest,kettlebell,compound,KB Bench Press,strength
Kettlebell Floor Press,chest,kettlebell,compound,KB Floor Press,strength
Lacrosse Ball Pec,chest,other,isolation,Pec Lacrosse Ball Release,strength
Landmine Press,chest,barbell,compound,Landmine Chest Press,strength
Larsen Press,chest,barbell,compound,"Feet Up Bench Press, Larsen Bench Press",strength
Lengthened Partial Cable Fly,chest,cable,isolation,Stretch Focused Cable Fly,strength
Low Cable Crossover,chest,cable,isolation,Low Cable Cross,strength
Low Cable Fly,chest,cable,isolation,"Low to High Cable Fly, Low Cable Flye, Cable Low Fly",strength
Low Incline Barbell Press,chest,barbell,compound,Low Incline BB Press,strength
Low Incline Dumbbell Press,chest,dumbbell,compound,"Low Incline DB Press, 30 Degree DB Press",strength
Lying Single Arm Cable Fly,chest,cable,isolation,Lying One Arm Cable Fly,strength
Machine Chest Press,chest,machine,compound,"Chest Press Machine, Seated Chest Press, Machine Bench Press",strength
Machine Chest Press Drop Set,chest,machine,compound,Drop Set Machine Press,strength
Machine Dip,chest,machine,compound,"Assisted Dip Machine, Dip Machine",strength
Medicine Ball Push Up,chest,other,compound,Med Ball Push Up,strength
Mid Cable Crossover,chest,cable,isolation,Mid Height Cable Cross,strength
Neutral Grip Dumbbell Bench Press,chest,dumbbell,compound,"Neutral Grip DB Bench, Hammer Grip DB Bench",strength
Parallette Push Up,chest,bodyweight,compound,P-Bar Push Up,bodyweight
Pause Cable Fly,chest,cable,isolation,Paused Cable Fly,strength
Pause Dip,chest,bodyweight,compound,Paused Dip,bodyweight
Pause Dumbbell Bench Press,chest,dumbbell,compound,Paused DB Bench,strength
Pause Incline Barbell Press,chest,barbell,compound,Paused Incline BB Press,strength
Pause Pec Deck,chest,machine,isolation,Paused Pec Deck,strength
Paused Bench Press,chest,barbell,compound,"Paused BB Bench, Pause Bench, Tempo Bench Press",strength
Pec Deck,chest,machine,isolation,"Pec Deck Fly, Pec Deck Machine, Machine Fly, Machine Flye, Butterfly Machine",strength
Pec Deck Drop Set,chest,machine,isolation,Drop Set Pec Deck,strength
Pin Press,chest,barbell,compound,"Rack Press, Dead Bench Press",strength
Planche Lean,chest,bodyweight,compound,Planche Push Up Lean,bodyweight
Plate Loaded Chest Press,chest,machine,compound,"Hammer Strength Chest Press, Plate Loaded Bench Press",strength
Plate Loaded Decline Chest Press,chest,machine,compound,Hammer Strength Decline Press,strength
Plate Loaded Decline Press,chest,machine,compound,Hammer Strength Decline,strength
Plate Loaded Incline Chest Press,chest,machine,compound,Hammer Strength Incline Press,strength
Plate Loaded Incline Press,chest,machine,compound,Hammer Strength Incline,strength
Plate Press,chest,other,isolation,"Plate Squeeze, Plate Pinch Press",strength
Push Up,chest,bodyweight,compound,"Push-Up, Pushup, Press Up, Press-Up",bodyweight
Rest Pause Bench Press,chest,barbell,compound,RP Bench,strength
Reverse Band Bench Press,chest,barbell,compound,Band Assisted Bench Press,strength
Reverse Grip Bench Press,chest,barbell,compound,"Reverse Grip BB Bench, Supinated Grip Bench",strength
Ring Dip,chest,bodyweight,compound,Gymnastics Ring Dip,bodyweight
Ring Dip to Support Hold,chest,bodyweight,compound,Ring Dip Hold,holds
Ring Fly,chest,bodyweight,isolation,Gymnastics Ring Fly,bodyweight
Ring Push Up,chest,bodyweight,compound,"Ring Push-Up, Gymnastics Ring Push Up",bodyweight
Ring Support Hold,chest,bodyweight,isolation,Gymnastics Ring Hold,holds
Single Arm Cable Chest Press,chest,cable,compound,One Arm Cable Press,strength
Single Arm Cable Fly,chest,cable,isolation,"Single Arm Cable Flye, One Arm Cable Fly",strength
Single Arm Dumbbell Bench Press,chest,dumbbell,compound,"Single Arm DB Bench, One Arm DB Bench, Unilateral DB Bench",strength
Single Arm Landmine Press,chest,barbell,compound,One Arm Landmine Press,strength
Single Arm Machine Chest Press,chest,machine,compound,One Arm Machine Press,strength
Smith Machine Bench Press,chest,machine,compound,"Smith Bench Press, Smith Machine Flat Bench",strength
Smith Machine Decline Bench Press,chest,machine,compound,Smith Decline Bench,strength
Smith Machine Floor Press,chest,machine,compound,Smith Floor Press,strength
Smith Machine Incline Bench Press,chest,machine,compound,"Smith Incline Bench, Smith Machine Incline Press",strength
Speed Bench Press,chest,barbell,compound,Dynamic Effort Bench,strength
Spiderman Push Up,chest,bodyweight,compound,Spider-Man Push Up,bodyweight
Spoto Press,chest,barbell,compound,Spoto Bench Press,strength
Staggered Push Up,chest,bodyweight,compound,Offset Push Up,bodyweight
Standing Cable Chest Press,chest,cable,compound,Standing Cable Press,strength
Standing Cable Fly,chest,cable,isolation,Standing Cable Flye,strength
Standing Single Arm Cable Press,chest,cable,compound,One Arm Standing Cable Press,strength
Svend Press,chest,other,isolation,Plate Squeeze Press,strength
Tempo Dip,chest,bodyweight,compound,Slow Dip,bodyweight
Tempo Dumbbell Bench Press,chest,dumbbell,compound,"Slow DB Bench Press, Tempo DB Bench",strength
Tempo Incline DB Press,chest,dumbbell,compound,Slow Incline DB Press,strength
Tempo Push Up,chest,bodyweight,compound,Slow Push Up,bodyweight
Trap Bar Floor Press,chest,barbell,compound,Hex Bar Floor Press,strength
TRX Chest Press,chest,bodyweight,compound,Suspension Chest Press,bodyweight
TRX Fly,chest,bodyweight,isolation,Suspension Fly,bodyweight
TRX Push Up,chest,bodyweight,compound,Suspension Push Up,bodyweight
Tuck Planche,chest,bodyweight,compound,Tuck Planche Hold,holds
Weighted Dip,chest,bodyweight,compound,"Weighted Chest Dip, Weighted Dips",strength
Weighted Push Up,chest,bodyweight,compound,Weighted Push-Up,strength
Wide Grip Bench Press,chest,barbell,compound,"Wide Grip BB Bench, Wide Bench Press",strength
Wide Grip Push Up,chest,bodyweight,compound,"Wide Push-Up, Wide Push Up",bodyweight
Wide Push Up on Medicine Ball,chest,other,compound,Med Ball Wide Push Up,strength
1.5 Rep Cable Row,back,cable,compound,One and Half Cable Row,strength
1.5 Rep Lat Pulldown,back,cable,compound,One and Half Pulldown,strength
1.5 Rep RDL,back,barbell,compound,One and Half RDL,strength
American Kettlebell Swing,back,kettlebell,compound,American KB Swing,strength
Archer Pull Up,back,bodyweight,compound,Archer Pull-Up,bodyweight
Assisted Pull Up Machine,back,machine,compound,"Assisted Pull Up, Gravitron, Pull Up Assist Machine",strength
Axle Bar Row,back,barbell,compound,Axle Row,strength
Back Lever Hold,back,bodyweight,isolation,Back Lever,holds
Band Deadlift Wide,back,band,compound,Wide Stance Band DL,strength
Band Face Pull,back,band,compound,Resistance Band Face Pull,strength
Band Lat Pulldown,back,band,compound,Resistance Band Pulldown,strength
Band Lat Pulldown Kneeling,back,band,compound,Kneeling Band Pulldown,strength
Band Pull Apart,back,band,isolation,"Resistance Band Pull Apart, Band Pull-Apart",strength
Band Pull Apart Overhead,back,band,isolation,Overhead Band Pull,strength
Band Resisted Chin Up,back,band,compound,Banded Chin Up,strength
Band Row,back,band,compound,"Resistance Band Row, Banded Row",strength
Banded Barbell Deadlift,back,barbell,compound,Band Resisted Deadlift,strength
Banded Deadlift,back,band,compound,Resistance Band Deadlift,strength
Banded Deadlift Heavy,back,barbell,compound,Band Resisted Heavy Deadlift,strength
Banded Good Morning,back,band,compound,"Band Good Morning, Resistance Band Good Morning",strength
Banded Pull Up,back,band,compound,"Resistance Band Pull Up, Band Assisted Pull Up",strength
Barbell Hip Hinge,back,barbell,compound,"Hip Hinge, BB Hip Hinge",strength
Barbell Row,back,barbell,compound,"BB Row, Bent Over Row, Bent Over BB Row, Barbell Bent Over Row, Pendlay Row",strength
Barbell Row to Chest,back,barbell,compound,Chest Row,strength
Barbell Shrug,back,barbell,isolation,"BB Shrug, Shrug, Barbell Shoulder Shrug",strength
Barbell Upright Row to Shrug,back,barbell,compound,Upright Row Shrug Combo,strength
Behind Neck Pull Up,back,bodyweight,compound,Behind the Neck Pull Up,bodyweight
Behind the Back Barbell Shrug,back,barbell,isolation,Behind Back Shrug,strength
Behind the Neck Lat Pulldown,back,cable,compound,Behind Neck Pulldown,strength
Block Sumo Deadlift,back,barbell,compound,Sumo Block Pull,strength
Cable Face Pull to External Rotation,back,cable,compound,Face Pull ER Back,strength
Cable Pull Through,back,cable,compound,"Pull Through, Cable Pull-Through",strength
Cable Pullover,back,cable,isolation,Straight Arm Cable Pullover,strength
Cable Row,back,cable,compound,"Seated Cable Row, Seated Row, Cable Seated Row, Low Row",strength
Cable Row Drop Set,back,cable,compound,Drop Set Cable Row,strength
Cable Row to Face Pull,back,cable,compound,Row Face Pull Combo,strength
Cable Shrug,back,cable,isolation,Cable Shoulder Shrug,strength
Cable Shrug Behind Back,back,cable,isolation,Behind Back Cable Shrug,strength
Cable W Pull,back,cable,isolation,W Cable Pull,strength
Chain Deadlift,back,barbell,compound,Deadlift with Chains,strength
Chest Supported Barbell Row,back,barbell,compound,Seal BB Row,strength
Chest Supported Cable Row,back,cable,compound,Chest Supported Cable,strength
Chest Supported Dumbbell Row,back,dumbbell,compound,"Chest Supported DB Row, Incline DB Row, Seal Row DB",strength
Chest Supported Machine Row,back,machine,compound,Chest Supported Row Machine,strength
Chest Supported Row Machine,back,machine,compound,Supported Row Machine,strength
Chest Supported T-Bar Row,back,barbell,compound,Chest Supported T Bar Row,strength
Chest Supported T-Bar Row Neutral,back,barbell,compound,Neutral T-Bar Row,strength
Child's Pose,back,bodyweight,isolation,Childs Pose,holds
Chin Up,back,bodyweight,compound,"Chin-Up, Chinup, Supinated Pull Up",bodyweight
Clean Grip Deadlift,back,barbell,compound,Clean Deadlift,strength
Close Grip Cable Row,back,cable,compound,"V-Bar Cable Row, V Bar Row",strength
Close Grip Cable Row V-Handle,back,cable,compound,V-Handle Close Row,strength
Close Grip Chin Up,back,bodyweight,compound,Narrow Chin Up,bodyweight
Close Grip Lat Pulldown,back,cable,compound,"Close Grip Pulldown, Narrow Grip Pulldown, V-Bar Pulldown, V Bar Lat Pulldown",strength
Close Grip Pull Up,back,bodyweight,compound,"Close Grip Pull-Up, Narrow Grip Pull Up",bodyweight
Commando Pull Up,back,bodyweight,compound,Commando Pull-Up,bodyweight
Conventional Deadlift,back,barbell,compound,"Deadlift, BB Deadlift, Barbell Deadlift, DL",strength
D-Handle Cable Row,back,cable,compound,D Handle Row,strength
Deficit Barbell Row,back,barbell,compound,Deficit BB Row,strength
Deficit DB Row,back,dumbbell,compound,Elevated DB Row,strength
Deficit Deadlift,back,barbell,compound,Deficit DL,strength
Deficit Dumbbell RDL,back,dumbbell,compound,Deficit DB RDL,strength
Deficit Sumo Deadlift,back,barbell,compound,Deficit Sumo DL,strength
Diverging Lat Pulldown Machine,back,machine,compound,Diverging Pulldown,strength
Double Kettlebell Row,back,kettlebell,compound,Double KB Row,strength
Dumbbell Bent Over Row,back,dumbbell,compound,"DB Bent Over Row, Two Arm DB Row, Bilateral DB Row",strength
Dumbbell Deadlift,back,dumbbell,compound,DB Deadlift,strength
Dumbbell Good Morning,back,dumbbell,compound,DB Good Morning,strength
Dumbbell Romanian Deadlift,back,dumbbell,compound,"DB RDL, Dumbbell RDL, DB Romanian Deadlift",strength
Dumbbell Row,back,dumbbell,compound,"DB Row, One Arm Dumbbell Row, Single Arm DB Row, One Arm DB Row, DB Bent Over Row",strength
Dumbbell Seal Row,back,dumbbell,compound,DB Seal Row,strength
Dumbbell Shrug,back,dumbbell,isolation,"DB Shrug, Shoulder Shrug",strength
Dumbbell Shrug to Row,back,dumbbell,compound,Shrug to Row,strength
Dumbbell Sumo Deadlift,back,dumbbell,compound,Sumo DB DL,strength
Eccentric Chin Up,back,bodyweight,compound,Negative Chin Up,bodyweight
Eccentric Pull Up,back,bodyweight,compound,Negative Pull Up,bodyweight
Face Pull,back,cable,compound,"Cable Face Pull, Rope Face Pull",strength
Farmer Carry Shrug,back,dumbbell,isolation,Farmer Walk Shrug,strength
Foam Roll Lats,back,other,isolation,Lat Foam Roll,strength
Foam Roll Thoracic,back,other,isolation,T-Spine Foam Roll,strength
Front Lever Hold,back,bodyweight,compound,Front Lever,holds
Front Lever Row,back,bodyweight,compound,FL Row,bodyweight
Good Morning,back,barbell,compound,"BB Good Morning, Barbell Good Morning",strength
Gorilla Row,back,kettlebell,compound,KB Gorilla Row,strength
Half Kneeling Cable Row,back,cable,compound,Kneeling Cable Row,strength
Half Kneeling Single Arm Pulldown,back,cable,compound,Kneeling One Arm Pulldown,strength
Halting Deadlift,back,barbell,compound,Halting DL,strength
Helms Row,back,dumbbell,compound,Prone Incline DB Row,strength
High Cable Row,back,cable,compound,Cable High Row,strength
Hyperextension,back,bodyweight,isolation,"Back Extension, Hyper Extension, 45 Degree Back Extension, Roman Chair Extension",bodyweight
Hyperextension with Rotation,back,bodyweight,isolation,Twisting Hyperextension,bodyweight
Incline DB Shrug,back,dumbbell,isolation,Incline Dumbbell Shrug,strength
Incline Lever Row Machine,back,machine,compound,Lever Incline Row,strength
Inverted Row,back,bodyweight,compound,"Body Row, Bodyweight Row, Australian Pull Up, Ring Row",bodyweight
Iso Hold Pull Up,back,bodyweight,compound,Static Hold Pull Up,holds
Iso Lateral Lat Pulldown Machine,back,machine,compound,ISO Lat Pulldown,strength
Iso Lateral Row Machine,back,machine,compound,ISO Lateral Row,strength
Jefferson Curl,back,other,isolation,Weighted Jefferson Curl,strength
Jefferson Deadlift,back,barbell,compound,Jefferson DL,strength
Kayak Row,back,cable,compound,Cable Kayak Row,strength
Kettlebell Deadlift,back,kettlebell,compound,KB Deadlift,strength
Kettlebell Renegade Row,back,kettlebell,compound,KB Renegade Row,strength
Kettlebell Row,back,kettlebell,compound,"KB Row, Single Arm KB Row",strength
Kettlebell Swing,back,kettlebell,compound,"KB Swing, Russian Kettlebell Swing, Russian KB Swing, Two Hand KB Swing",strength
Kneeling Cable Pulldown,back,cable,compound,Kneeling Pulldown,strength
Kroc Row,back,dumbbell,compound,"Heavy DB Row, Kroc Dumbbell Row",strength
L-Sit Pull Up,back,bodyweight,compound,L Sit Pull Up,bodyweight
Landmine Deadlift,back,barbell,compound,Landmine DL,strength
Landmine Romanian Deadlift,back,barbell,compound,Landmine RDL,strength
Landmine Row Single Arm,back,barbell,compound,One Arm Landmine Row,strength
Lat Focused Pulldown,back,cable,compound,Lat Pulldown Focused,strength
Lat Prayer Cable,back,cable,isolation,Cable Lat Prayer,strength
Lat Pulldown,back,cable,compound,"Lat Pull Down, Cable Pulldown, Wide Grip Pulldown, Wide Grip Lat Pulldown",strength
Lat Pulldown Drop Set,back,cable,compound,Drop Set Pulldown,strength
Lengthened Partial Lat Pulldown,back,cable,compound,Stretch Focused Pulldown,strength
Machine High Row,back,machine,compound,High Row Machine,strength
Machine Lat Pulldown,back,machine,compound,"Plate Loaded Pulldown, Hammer Strength Pulldown",strength
Machine Lat Pulldown Single Arm,back,machine,compound,Single Arm Machine Pulldown,strength
Machine Low Row,back,machine,compound,Low Row Machine,strength
Machine Pullover,back,machine,isolation,Nautilus Pullover,strength
Machine Pullover Nautilus,back,machine,isolation,Nautilus Pullover Machine,strength
Machine Row,back,machine,compound,"Seated Machine Row, Row Machine",strength
Machine Row Neutral Grip,back,machine,compound,Neutral Grip Machine Row,strength
Machine Row Wide Grip,back,machine,compound,Wide Machine Row,strength
Machine Shrug,back,machine,isolation,Machine Shoulder Shrug,strength
Meadows Row,back,barbell,compound,"Landmine Meadows Row, One Arm Landmine Row",strength
Meadows Row Dumbbell,back,dumbbell,compound,DB Meadows Row,strength
Meadows Shrug,back,barbell,isolation,Landmine Shrug,strength
Mixed Grip Pull Up,back,bodyweight,compound,Alternating Grip Pull Up,bodyweight
Muscle Up,back,bodyweight,compound,"Bar Muscle Up, Bar Muscle-Up",bodyweight
Neutral Grip DB Row,back,dumbbell,compound,Hammer Grip DB Row,strength
Neutral Grip Lat Pulldown,back,cable,compound,"Neutral Grip Pulldown, Hammer Grip Pulldown",strength
Neutral Grip Pull Up,back,bodyweight,compound,"Neutral Grip Pullup, Hammer Grip Pull Up",bodyweight
Pause at Knee Deadlift,back,barbell,compound,Pause Below Knee DL,strength
Pause Barbell Row,back,barbell,compound,Paused BB Row,strength
Pause DB Row,back,dumbbell,compound,Paused Dumbbell Row,strength
Pause Lat Pulldown,back,cable,compound,Paused Pulldown,strength
Pause RDL,back,barbell,compound,Paused Romanian Deadlift,strength
Paused Deadlift,back,barbell,compound,"Pause DL, Dead Stop Deadlift",strength
Pendlay Row,back,barbell,compound,"Strict Barbell Row, Dead Stop Row",strength
Pendlay Row Pause,back,barbell,compound,Paused Pendlay Row,strength
Plate Loaded High Row,back,machine,compound,Hammer Strength High Row,strength
Plate Loaded Iso Row,back,machine,compound,Hammer Strength ISO Row,strength
Plate Loaded Lat Pulldown,back,machine,compound,Plate Loaded Pulldown Machine,strength
Plate Loaded Low Row,back,machine,compound,Hammer Strength Low Row,strength
Plate Loaded Row,back,machine,compound,Hammer Strength Row,strength
Plate Loaded Row Machine,back,machine,compound,Plate Row Machine,strength
Plate Loaded Shrug Machine,back,machine,isolation,Shrug Machine,strength
Plate Row,back,other,compound,Plate Bent Over Row,strength
Power Shrug,back,barbell,compound,Explosive Shrug,strength
Pronated Cable Row,back,cable,compound,Overhand Cable Row,strength
Pronated Lat Pulldown,back,cable,compound,Overhand Pulldown,strength
Prone Trap Raise,back,dumbbell,isolation,"Prone Y Raise, Y Raise",strength
Pull Up,back,bodyweight,compound,"Pull-Up, Pullup, Strict Pull Up",bodyweight
Rack Pull,back,barbell,compound,"Rack Deadlift, Block Pull",strength
Rack Pull Above Knee,back,barbell,compound,Above Knee Rack Pull,strength
Rack Pull Below Knee,back,barbell,compound,Below Knee Rack Pull,strength
Renegade Row,back,dumbbell,compound,"Plank Row, Renegade DB Row",strength
Reverse Band Deadlift,back,barbell,compound,Band Assisted Deadlift,strength
Reverse Grip Lat Pulldown,back,cable,compound,"Underhand Lat Pulldown, Supinated Pulldown, Reverse Grip Pulldown",strength
Reverse Grip Machine Row,back,machine,compound,Underhand Machine Row,strength
Reverse Hyperextension,back,machine,isolation,"Reverse Hyper, Rev Hyper",strength
Ring Archer Pull Up,back,bodyweight,compound,Ring Archer,bodyweight
Ring Face Pull,back,bodyweight,compound,Ring Face Pull Exercise,bodyweight
Ring Muscle Up,back,bodyweight,compound,Gymnastics Ring Muscle Up,bodyweight
Romanian Deadlift,back,barbell,compound,"RDL, BB RDL, Barbell RDL, Barbell Romanian Deadlift, Stiff Leg Deadlift",strength
Rope Cable Row,back,cable,compound,Rope Seated Row,strength
Safety Bar Good Morning,back,barbell,compound,SSB Good Morning,strength
Sandbag Deadlift,back,other,compound,Sand Bag Deadlift,strength
Sandbag Row,back,other,compound,Sand Bag Row,strength
Scapular Pull Up,back,bodyweight,isolation,"Scap Pull Up, Scapula Pull Up",bodyweight
Seal Row,back,barbell,compound,"Bench Supported Row, Prone Row",strength
Seated Dumbbell Shrug,back,dumbbell,isolation,Seated DB Shrug,strength
Seated Forward Fold,back,bodyweight,isolation,Hamstring Stretch Seated,holds
Seated Good Morning,back,barbell,compound,Seated BB Good Morning,strength
Single Arm Barbell Row,back,barbell,compound,One Arm BB Row,strength
Single Arm Cable Row,back,cable,compound,"One Arm Cable Row, Unilateral Cable Row",strength
Single Arm Kettlebell Swing,back,kettlebell,compound,"One Arm KB Swing, Single Arm KB Swing",strength
Single Arm Lat Pulldown,back,cable,compound,"One Arm Lat Pulldown, Unilateral Pulldown",strength
Single Arm Lat Pulldown Machine,back,machine,compound,One Arm Machine Pulldown,strength
Single Arm Machine Row,back,machine,compound,One Arm Machine Row,strength
Single Leg Deadlift Barbell,back,barbell,compound,"BB Single Leg Deadlift, Single Leg BB DL",strength
Single Leg Deadlift to Row,back,dumbbell,compound,SL RDL to Row,strength
Single Leg Romanian Deadlift,back,dumbbell,compound,"Single Leg RDL, SL RDL, One Leg RDL, Unilateral RDL",strength
Skin the Cat,back,bodyweight,compound,Skin the Cat Rings,bodyweight
Smith Machine Deadlift,back,machine,compound,Smith Deadlift,strength
Smith Machine Row,back,machine,compound,Smith Machine Bent Over Row,strength
Smith Machine Shrug,back,machine,isolation,Smith Shrug,strength
Snatch Grip Barbell Row,back,barbell,compound,Snatch Grip Row,strength
Snatch Grip BB Shrug,back,barbell,isolation,Wide Grip Shrug,strength
Snatch Grip Deadlift,back,barbell,compound,Snatch DL,strength
Snatch Grip Deadlift from Deficit,back,barbell,compound,Deficit Snatch DL,strength
Speed Deadlift,back,barbell,compound,Dynamic Effort Deadlift,strength
Staggered Stance RDL,back,dumbbell,compound,"B-Stance RDL, B Stance Deadlift, Staggered RDL",strength
Standing Good Morning,back,barbell,compound,Standing BB Good Morning,strength
Straight Arm Band Pulldown,back,band,isolation,Band Straight Arm Pulldown,strength
Straight Arm Pulldown,back,cable,isolation,"Straight Arm Lat Pulldown, Straight Arm Cable Pulldown, Stiff Arm Pulldown",strength
Sumo Deadlift,back,barbell,compound,"Sumo DL, Sumo BB Deadlift",strength
Sumo Dumbbell Deadlift,back,dumbbell,compound,"Sumo DB Deadlift, DB Sumo Deadlift",strength
Superman,back,bodyweight,isolation,"Superman Hold, Back Raise, Prone Superman",holds
Supinated Cable Row,back,cable,compound,Underhand Cable Row,strength
Supinated Lat Pulldown,back,cable,compound,Underhand Pulldown,strength
T-Bar Row,back,barbell,compound,"T Bar Row, TBar Row, Landmine Row",strength
Tempo Cable Row,back,cable,compound,Slow Cable Row,strength
Tempo Chin Up,back,bodyweight,compound,Slow Chin Up,bodyweight
Tempo Deadlift,back,barbell,compound,Slow Deadlift,strength
Tempo Pull Up,back,bodyweight,compound,Slow Pull Up,bodyweight
Thoracic Spine Rotation,back,bodyweight,isolation,T-Spine Rotation,bodyweight
Towel Row,back,bodyweight,compound,Towel Grip Row,bodyweight
Trap Bar Bent Over Row,back,barbell,compound,Hex Bar Bent Row,strength
Trap Bar Deadlift,back,barbell,compound,"Hex Bar Deadlift, Trap Bar DL",strength
Trap Bar Romanian Deadlift,back,barbell,compound,Hex Bar RDL,strength
Trap Bar Row,back,barbell,compound,Hex Bar Row,strength
Trap Bar Shrug,back,barbell,isolation,Hex Bar Shrug,strength
TRX Row,back,bodyweight,compound,"Suspension Row, TRX Inverted Row",bodyweight
Tuck Front Lever,back,bodyweight,compound,Tuck FL,holds
Underhand Barbell Row,back,barbell,compound,"Reverse Grip BB Row, Supinated BB Row, Yates Row",strength
Wall Lat Stretch,back,bodyweight,isolation,Lat Wall Stretch,holds
Weighted Chin Up,back,bodyweight,compound,Weighted Chin-Up,strength
Weighted Chin Up Pause,back,bodyweight,compound,Paused Weighted Chin Up,strength
Weighted Good Morning,back,dumbbell,compound,Dumbbell Good Morning Back,strength
Weighted Hyperextension,back,bodyweight,isolation,Weighted Back Extension,strength
Weighted Pull Up,back,bodyweight,compound,"Weighted Pull-Up, Weighted Pullup",strength
Wide Grip Cable Row,back,cable,compound,"Wide Grip Seated Row, Wide Row",strength
Wide Grip Cable Row Overhand,back,cable,compound,Overhand Wide Row,strength
Wide Grip Chin Up,back,bodyweight,compound,Wide Chin Up,bodyweight
Wide Grip Lat Pulldown Behind Neck,back,cable,compound,BTN Wide Pulldown,strength
Wide Grip Pull Up,back,bodyweight,compound,"Wide Pull Up, Wide Grip Pull-Up",bodyweight
Wide Grip Pull Up Behind Neck,back,bodyweight,compound,BTN Wide Pull Up,bodyweight
Wide Grip T-Bar Row,back,barbell,compound,Wide T-Bar Row,strength
Zercher Good Morning,back,barbell,compound,Zercher GM,strength
1.5 Rep Dumbbell Press,shoulders,dumbbell,compound,One and Half DB Press,strength
1.5 Rep Lateral Raise,shoulders,dumbbell,isolation,One and a Half Lateral Raise,strength
Alternating Dumbbell Front Raise,shoulders,dumbbell,isolation,"Alt DB Front Raise, Alternating Front Raise",strength
Alternating Dumbbell Press,shoulders,dumbbell,compound,"Alternating DB Press, Alt DB Press",strength
Arm Bar Kettlebell,shoulders,kettlebell,isolation,KB Arm Bar,strength
Arnold Press,shoulders,dumbbell,compound,"Arnold Dumbbell Press, DB Arnold Press",strength
Axle Bar Overhead Press,shoulders,barbell,compound,Axle OHP,strength
Axle Press,shoulders,barbell,compound,Axle Bar Press,strength
Band Dislocate,shoulders,band,isolation,Resistance Band Dislocate,strength
Band External Rotation,shoulders,band,isolation,Banded External Rotation,strength
Band Front Raise,shoulders,band,isolation,Resistance Band Front Raise,strength
Band Internal Rotation,shoulders,band,isolation,Banded Internal Rotation,strength
Band Lateral Raise,shoulders,band,isolation,"Resistance Band Lateral Raise, Banded Lateral Raise",strength
Band Rear Delt Fly,shoulders,band,isolation,"Band Reverse Fly, Resistance Band Rear Fly",strength
Band Shoulder Press Kneeling,shoulders,band,compound,Kneeling Band Press,strength
Band W Raise,shoulders,band,isolation,Resistance Band W Raise,strength
Band Y Raise,shoulders,band,isolation,Resistance Band Y Raise,strength
Banded External Rotation 90,shoulders,band,isolation,90 Degree Band ER,strength
Banded Face Pull,shoulders,band,isolation,Band Face Pull Shoulders,strength
Banded Lateral Walk Shoulder,shoulders,band,isolation,Band Walk Shoulders,strength
Banded Overhead Press,shoulders,band,compound,Resistance Band OHP,strength
Banded Pull Apart Overhead,shoulders,band,isolation,Overhead Band Pull Apart,strength
Banded Shoulder Stretch,shoulders,band,isolation,Band Shoulder Stretch,strength
Banded Shoulder Warmup,shoulders,band,isolation,Band Shoulder Warm Up,strength
Barbell Front Raise,shoulders,barbell,isolation,BB Front Raise,strength
Barbell High Pull,shoulders,barbell,compound,BB High Pull,strength
Barbell Upright Row,shoulders,barbell,compound,BB Upright Row,strength
Battle Rope Shoulder Press,shoulders,other,compound,Battle Rope Press,strength
Behind Neck Snatch Grip Press,shoulders,barbell,compound,Snatch Grip BTN Press,strength
Behind the Back Cable Lateral Raise,shoulders,cable,isolation,Behind Back Cable Lateral Raise,strength
Behind the Neck Press,shoulders,barbell,compound,"BTN Press, Behind Neck OHP",strength
Bench Supported Rear Delt Fly,shoulders,dumbbell,isolation,Chest Supported Rear Fly,strength
Bradford Press,shoulders,barbell,compound,Bradford Barbell Press,strength
Bus Driver,shoulders,other,isolation,"Bus Driver Exercise, Plate Bus Driver",strength
Cable Around the World,shoulders,cable,isolation,Cable Around World,strength
Cable External Rotation,shoulders,cable,isolation,Cable External Rotation at 90,strength
Cable Face Pull with External Rotation,shoulders,cable,compound,Face Pull ER,strength
Cable Front Raise,shoulders,cable,isolation,Cable Front Delt Raise,strength
Cable Front Raise Rope,shoulders,cable,isolation,Rope Cable Front Raise,strength
Cable Internal Rotation,shoulders,cable,isolation,Internal Rotation Cable,strength
Cable Lateral Raise,shoulders,cable,isolation,"Cable Side Raise, Single Arm Cable Lateral Raise",strength
Cable Lateral Raise 21s,shoulders,cable,isolation,Cable Lat Raise 21s,strength
Cable Lateral Raise Behind Back,shoulders,cable,isolation,Behind Back Cable Lat Raise,strength
Cable Lateral Raise Drop Set,shoulders,cable,isolation,Cable Lat Raise Drop,strength
Cable Lateral Raise Lean Away,shoulders,cable,isolation,Leaning Cable Lateral Raise,strength
Cable Rear Delt Fly,shoulders,cable,isolation,"Cable Reverse Fly, Rear Delt Cable Fly, Cable Rear Fly",strength
Cable Rear Delt Row,shoulders,cable,isolation,Rear Delt Cable Row,strength
Cable Reverse Fly Seated,shoulders,cable,isolation,Seated Cable Rear Fly,strength
Cable Reverse Fly Standing,shoulders,cable,isolation,Standing Cable Reverse Fly,strength
Cable Shoulder Press,shoulders,cable,compound,Cable Overhead Press,strength
Cable Upright Row,shoulders,cable,compound,Cable Upright Row Rope,strength
Cable Upright Row Wide,shoulders,cable,compound,Wide Cable Upright Row,strength
Cable W Raise,shoulders,cable,isolation,W Raise,strength
Cable Y Raise,shoulders,cable,isolation,Y Raise Cable,strength
Cable Y-T-W Raise,shoulders,cable,isolation,Cable YTW,strength
Chain Overhead Press,shoulders,barbell,compound,OHP with Chains,strength
Circus Dumbbell Press,shoulders,dumbbell,compound,Circus DB Press,strength
Cross Body Shoulder Stretch,shoulders,bodyweight,isolation,Cross Body Stretch,holds
Cuban Press,shoulders,dumbbell,compound,Cuban Rotation,strength
Dumbbell 6-Way Raise,shoulders,dumbbell,isolation,"6 Way Shoulder Raise, DB 6 Way",strength
Dumbbell External Rotation,shoulders,dumbbell,isolation,"DB External Rotation, Side Lying External Rotation",strength
Dumbbell Front Raise,shoulders,dumbbell,isolation,"DB Front Raise, Front Raise, DB Front Delt Raise",strength
Dumbbell Front Raise Neutral,shoulders,dumbbell,isolation,Neutral Grip Front Raise,strength
Dumbbell High Pull,shoulders,dumbbell,compound,DB High Pull,strength
Dumbbell L Raise,shoulders,dumbbell,isolation,"L Raise, DB L Raise",strength
Dumbbell Lateral Raise,shoulders,dumbbell,isolation,"Lateral Raise, DB Lateral Raise, Side Raise, Side Lateral Raise, DB Side Raise, Lat Raise",strength
Dumbbell Lateral Raise Cheat,shoulders,dumbbell,isolation,Cheat Lateral Raise,strength
Dumbbell Push Press,shoulders,dumbbell,compound,DB Push Press,strength
Dumbbell Rear Delt Fly,shoulders,dumbbell,isolation,"Rear Delt Fly, DB Rear Fly, Reverse Fly, DB Reverse Fly, Bent Over Fly, Bent Over Rear Delt Fly, Rear Delt Flye",strength
Dumbbell Scaption,shoulders,dumbbell,isolation,"Scaption, DB Scaption, Scaption Raise",strength
Dumbbell Scott Press,shoulders,dumbbell,compound,Scott Press,strength
Dumbbell Shoulder Circle,shoulders,dumbbell,isolation,DB Shoulder Circles,strength
Dumbbell Shoulder Complex,shoulders,dumbbell,compound,DB Shoulder Complex,strength
Dumbbell Shoulder Press,shoulders,dumbbell,compound,"DB Shoulder Press, DB Press, Dumbbell Press, Seated DB Press, Seated Dumbbell Press, DB Overhead Press",strength
Dumbbell Upright Row,shoulders,dumbbell,compound,"DB Upright Row, Upright Row",strength
Dumbbell Z Press,shoulders,dumbbell,compound,DB Z Press,strength
Eccentric Lateral Raise,shoulders,dumbbell,isolation,Slow Eccentric Lat Raise,strength
EZ Bar Upright Row,shoulders,barbell,compound,EZ Upright Row,strength
Face Pull to External Rotation,shoulders,cable,compound,Face Pull External Rotation,strength
Football Bar Overhead Press,shoulders,barbell,compound,Swiss Bar OHP,strength
Half Kneeling Cable External Rotation,shoulders,cable,isolation,Kneeling Cable ER,strength
Half Kneeling Dumbbell Press,shoulders,dumbbell,compound,Kneeling DB Press,strength
Half Kneeling Landmine Press,shoulders,barbell,compound,Kneeling Landmine Press,strength
Handstand Hold,shoulders,bodyweight,isolation,"Handstand, Wall Handstand",holds
Handstand Push Up,shoulders,bodyweight,compound,"HSPU, Handstand Press, Wall Handstand Push Up",bodyweight
Hindu Push Up,shoulders,bodyweight,compound,Dive Bomber Push Up,bodyweight
Incline Dumbbell Rear Delt Fly,shoulders,dumbbell,isolation,"Incline Rear Delt Fly, Incline Reverse Fly",strength
Incline Lateral Raise,shoulders,dumbbell,isolation,Incline DB Lateral Raise,strength
Incline Prone Rear Delt Fly,shoulders,dumbbell,isolation,Incline Prone Reverse Fly,strength
Incline Rear Delt Raise,shoulders,dumbbell,isolation,Incline Prone Rear Fly,strength
Iron Cross Hold,shoulders,dumbbell,isolation,DB Iron Cross,holds
Iso Lateral Shoulder Press Machine,shoulders,machine,compound,ISO Lateral Shoulder Press,strength
Javelin Press,shoulders,barbell,compound,Single Arm Barbell Press,strength
Kettlebell Bottoms Up Press,shoulders,kettlebell,compound,Bottoms Up KB Press,strength
Kettlebell Front Raise,shoulders,kettlebell,isolation,KB Front Raise,strength
Kettlebell Halo,shoulders,kettlebell,isolation,KB Halo,strength
Kettlebell High Pull,shoulders,kettlebell,compound,KB High Pull,strength
Kettlebell Lateral Raise,shoulders,kettlebell,isolation,KB Lateral Raise,strength
Kettlebell Press,shoulders,kettlebell,compound,"KB Press, Kettlebell Overhead Press, KB Overhead Press, KB Shoulder Press",strength
Kettlebell Push Press,shoulders,kettlebell,compound,KB Push Press,strength
Kettlebell See Saw Press,shoulders,kettlebell,compound,KB See Saw Press,strength
Kettlebell Strict Press Double,shoulders,kettlebell,compound,Double KB Strict Press,strength
Kettlebell Upright Row,shoulders,kettlebell,compound,KB Upright Row,strength
Kettlebell Windmill Press,shoulders,kettlebell,compound,KB Windmill to Press,strength
Klokov Press,shoulders,barbell,compound,Behind Neck Snatch Grip Press OH,strength
Kneeling Landmine Press Single Arm,shoulders,barbell,compound,Single Arm Kneeling Landmine,strength
Landmine Lateral Raise,shoulders,barbell,isolation,Landmine Side Raise,strength
Landmine Lateral Raise Both Arms,shoulders,barbell,isolation,Two Arm Landmine Lat Raise,strength
Landmine Single Arm Press,shoulders,barbell,compound,Landmine Press Shoulder,strength
Lateral Raise 21s,shoulders,dumbbell,isolation,21s Lateral Raise,strength
Lateral Raise Drop Set,shoulders,dumbbell,isolation,Drop Set Lateral Raise,strength
Leaning Lateral Raise,shoulders,dumbbell,isolation,"Leaning DB Lateral Raise, Lean Away Lateral Raise",strength
Log Press,shoulders,other,compound,Log Clean and Press Shoulders,strength
Lu Raise,shoulders,dumbbell,isolation,"Lu Lateral Raise, DB Lu Raise",strength
Lying Lateral Raise,shoulders,dumbbell,isolation,"Side Lying Lateral Raise, Side Lying Raise",strength
Machine Lateral Raise,shoulders,machine,isolation,"Lateral Raise Machine, Machine Side Raise",strength
Machine Lateral Raise ISO,shoulders,machine,isolation,ISO Machine Lateral Raise,strength
Machine Rear Delt Fly,shoulders,machine,isolation,Machine Rear Fly,strength
Machine Rear Delt ISO,shoulders,machine,isolation,ISO Machine Rear Delt,strength
Machine Reverse Fly,shoulders,machine,isolation,"Reverse Pec Deck, Rear Delt Machine, Machine Rear Delt Fly, Reverse Fly Machine",strength
Machine Shoulder Press,shoulders,machine,compound,"Shoulder Press Machine, Seated Machine Shoulder Press, Machine Overhead Press",strength
Mechanical Drop Set Lateral Raise,shoulders,dumbbell,isolation,Mechanical Dropset Lat Raise,strength
Myo Rep Lateral Raise,shoulders,dumbbell,isolation,Myo Reps Lateral Raise,strength
Neutral Grip Dumbbell Press,shoulders,dumbbell,compound,"Hammer Grip DB Press, Neutral DB Press",strength
Overhead Press,shoulders,barbell,compound,"OHP, BB OHP, Barbell Overhead Press, Strict Press, Military Press, Standing Press, Barbell Press, BB Press",strength
Partial Rep Lateral Raise,shoulders,dumbbell,isolation,Partial Lateral Raise,strength
Pause Overhead Press,shoulders,barbell,compound,Paused OHP,strength
Pike Push Up,shoulders,bodyweight,compound,"Pike Press, Pike Push-Up",bodyweight
Plate Front Raise,shoulders,other,isolation,Plate Raise,strength
Plate Front Raise to Overhead,shoulders,other,compound,Plate Raise Overhead,strength
Plate Halo,shoulders,other,isolation,"Halo, Weight Plate Halo",strength
Plate Lateral Raise,shoulders,other,isolation,Plate Side Raise,strength
Plate Loaded Lateral Raise Machine,shoulders,machine,isolation,Plate Loaded Lat Raise,strength
Plate Loaded Shoulder Press,shoulders,machine,compound,Hammer Strength Shoulder Press,strength
Plate Steering Wheel,shoulders,other,isolation,Steering Wheel Exercise,strength
Prone A Raise,shoulders,dumbbell,isolation,Prone Arm Raise A,strength
Prone I Raise,shoulders,dumbbell,isolation,Prone Arm Raise I,strength
Prone I-Y-T Raise,shoulders,dumbbell,isolation,"IYT Raise, Prone IYT, I-Y-T",strength
Prone T Raise,shoulders,dumbbell,isolation,Prone Arm Raise T,strength
Prone W Raise,shoulders,dumbbell,isolation,Prone Arm Raise W,strength
Prone Y Raise on Bench,shoulders,dumbbell,isolation,Bench Y Raise,strength
Push Press,shoulders,barbell,compound,"BB Push Press, Barbell Push Press",strength
Push Press Dumbbell,shoulders,dumbbell,compound,DB Push Press Shoulder,strength
Reverse Pec Deck,shoulders,machine,isolation,Reverse Machine Fly,strength
Sandbag Press,shoulders,other,compound,Sand Bag Overhead Press,strength
Scapular Push Up,shoulders,bodyweight,isolation,"Scap Push Up, Scapula Push Up",bodyweight
Seated Arnold Press,shoulders,dumbbell,compound,Seated Arnold,strength
Seated Barbell Overhead Press,shoulders,barbell,compound,"Seated OHP, Seated BB Press, Seated Military Press",strength
Seated Behind Neck Press,shoulders,barbell,compound,Seated BTN Press,strength
Seated Lateral Raise,shoulders,dumbbell,isolation,Seated DB Lateral Raise,strength
Seated Rear Delt Fly,shoulders,dumbbell,isolation,"Seated Reverse Fly, Seated Bent Over Fly",strength
Shoulder Dislocate,shoulders,other,isolation,"Band Shoulder Dislocate, PVC Dislocate, Pass Through",strength
Side Lying Windmill,shoulders,bodyweight,isolation,Floor Windmill,bodyweight
Side Press,shoulders,kettlebell,compound,KB Side Press,strength
Single Arm Dumbbell Press,shoulders,dumbbell,compound,"One Arm DB Press, Single Arm DB Shoulder Press, Unilateral DB Press",strength
Single Arm Kettlebell Press,shoulders,kettlebell,compound,"One Arm KB Press, Single Arm KB Press",strength
Single Arm Machine Lateral Raise,shoulders,machine,isolation,One Arm Machine Lat Raise,strength
Single Arm Machine Press,shoulders,machine,compound,One Arm Machine Shoulder Press,strength
Sleeper Stretch,shoulders,bodyweight,isolation,Side Lying Shoulder Stretch,holds
Smith Machine Shoulder Press,shoulders,machine,compound,"Smith Machine OHP, Smith Shoulder Press",strength
Smith Machine Upright Row,shoulders,machine,compound,Smith Upright Row,strength
Snatch Grip Push Press,shoulders,barbell,compound,Wide Grip Push Press,strength
Sots Press,shoulders,barbell,compound,Bottom Position Press,strength
Standing Barbell Press Behind Neck,shoulders,barbell,compound,Standing BTN Press,strength
Standing Cable Internal Rotation,shoulders,cable,isolation,Standing Internal Rotation,strength
Standing Dumbbell Press,shoulders,dumbbell,compound,"Standing DB Press, Standing Dumbbell Shoulder Press",strength
Standing Rear Delt Fly,shoulders,dumbbell,isolation,Standing Reverse Fly,strength
Tempo Lateral Raise,shoulders,dumbbell,isolation,Slow Lateral Raise,strength
Trap 3 Raise,shoulders,dumbbell,isolation,"Trap Three Raise, DB Trap 3",strength
Trap Bar Overhead Press,shoulders,barbell,compound,Hex Bar Press,strength
TRX Face Pull,shoulders,bodyweight,compound,Suspension Face Pull,bodyweight
TRX W Raise,shoulders,bodyweight,isolation,Suspension W Raise,bodyweight
TRX Y Raise,shoulders,bodyweight,isolation,Suspension Y Raise,bodyweight
Viking Press,shoulders,machine,compound,Landmine Viking Press,strength
Wall Slide,shoulders,bodyweight,isolation,"Wall Angel, Wall Slides",bodyweight
Wall Walk,shoulders,bodyweight,compound,Wall Walk Handstand,bodyweight
Wide Grip Upright Row,shoulders,barbell,compound,Wide Upright Row,strength
Z Press,shoulders,barbell,compound,Seated Floor Press Overhead,strength
1.25 Rep Squat,legs,barbell,compound,One and Quarter Squat,strength
1.5 Rep Bulgarian Split Squat,legs,dumbbell,compound,One and Half BSS,strength
1.5 Rep Hip Thrust,legs,barbell,compound,One and Half Hip Thrust,strength
1.5 Rep Leg Curl,legs,machine,isolation,One and Half Leg Curl,strength
1.5 Rep Leg Extension,legs,machine,isolation,One and Half Leg Extension,strength
1.5 Rep Squat,legs,barbell,compound,One and Half Squat,strength
90/90 Hip Stretch,legs,bodyweight,isolation,"90-90 Stretch, Shin Box Stretch",holds
Adductor Squeeze,legs,other,isolation,Ball Squeeze Adductor,strength
ATG Lunge,legs,bodyweight,compound,Knees Over Toes Lunge,bodyweight
ATG Split Squat,legs,dumbbell,compound,Knees Over Toes Split Squat,strength
Band Good Morning,legs,band,compound,Banded Good Morning,strength
Band Hip Abduction,legs,band,isolation,"Banded Abduction, Clamshell Band",strength
Band Hip Thrust,legs,band,compound,"Banded Hip Thrust, Resistance Band Hip Thrust",strength
Band Hip Thrust Single Leg,legs,band,compound,Banded Single Leg Hip Thrust,strength
Band Kickback,legs,band,isolation,"Banded Kickback, Resistance Band Kickback",strength
Band Leg Curl,legs,band,isolation,Resistance Band Leg Curl,strength
Band Leg Extension,legs,band,isolation,Banded Leg Extension,strength
Band RDL,legs,band,compound,Resistance Band RDL,strength
Band Squat,legs,band,compound,"Banded Squat, Resistance Band Squat",strength
Banded Ankle Mobility,legs,band,isolation,Ankle Mobility Band,strength
Banded Barbell Squat,legs,barbell,compound,Band Resisted Squat,strength
Banded Clamshell Elevated,legs,band,isolation,Elevated Banded Clamshell,strength
Banded Donkey Kick,legs,band,isolation,Band Donkey Kick,strength
Banded Fire Hydrant,legs,band,isolation,Band Fire Hydrant,strength
Banded Glute Activation,legs,band,isolation,Glute Activation Band,strength
Banded Glute Bridge,legs,band,compound,Band Glute Bridge,strength
Banded Hip Abduction Standing,legs,band,isolation,Standing Banded Abduction,strength
Banded Hip Flexor Stretch,legs,band,isolation,Band Hip Flexor,strength
Banded Kickback Cable,legs,cable,isolation,Cable Banded Kickback,strength
Banded March,legs,band,compound,Band Marching,strength
Banded Pull Through,legs,band,compound,Resistance Band Pull Through,strength
Banded Squat,legs,band,compound,Resistance Band Squat Full,strength
Banded Squat Heavy,legs,barbell,compound,Band Resisted Heavy Squat,strength
Banded Terminal Knee Extension,legs,band,isolation,"TKE, Terminal Knee Extension",strength
Barbell Back Squat,legs,barbell,compound,"Back Squat, Squat, BB Squat, Barbell Squat, High Bar Squat",strength
Barbell Bulgarian Split Squat,legs,barbell,compound,"BB Bulgarian Split Squat, BB BSS",strength
Barbell Calf Raise,legs,barbell,isolation,BB Calf Raise,strength
Barbell Calf Raise Seated,legs,barbell,isolation,BB Seated Calf Raise,strength
Barbell Cossack Squat,legs,barbell,compound,BB Cossack Squat,strength
Barbell Front Squat,legs,barbell,compound,"Front Squat, BB Front Squat",strength
Barbell Glute Bridge,legs,barbell,compound,BB Glute Bridge,strength
Barbell Glute Bridge Single Leg,legs,barbell,compound,BB Single Leg Glute Bridge,strength
Barbell Hack Squat,legs,barbell,compound,BB Hack Squat,strength
Barbell Lunge,legs,barbell,compound,"BB Lunge, BB Forward Lunge",strength
Barbell Lunge Reverse Deficit,legs,barbell,compound,BB Deficit Reverse Lunge,strength
Barbell Reverse Lunge,legs,barbell,compound,BB Reverse Lunge,strength
Barbell Reverse Lunge Deficit,legs,barbell,compound,Deficit BB Reverse Lunge,strength
Barbell Split Squat,legs,barbell,compound,BB Split Squat,strength
Barbell Step Up,legs,barbell,compound,BB Step Up,strength
Barbell Walking Lunge,legs,barbell,compound,BB Walking Lunge,strength
Belt Squat,legs,machine,compound,"Belt Squat Machine, Pit Shark Squat",strength
Belt Squat Lunge,legs,machine,compound,Belt Squat Walking Lunge,strength
Belt Squat March,legs,machine,compound,Belt Squat Marching,strength
Bodyweight Calf Raise,legs,bodyweight,isolation,BW Calf Raise,bodyweight
Bodyweight Hip Thrust Single Leg Elevated,legs,bodyweight,compound,Elevated SL Hip Thrust,bodyweight
Bodyweight Squat,legs,bodyweight,compound,"Air Squat, BW Squat, Squat Bodyweight",bodyweight
Box Pistol Squat,legs,bodyweight,compound,Assisted Pistol Squat,bodyweight
Box Squat,legs,barbell,compound,"BB Box Squat, Barbell Box Squat",strength
Buffalo Bar Squat,legs,barbell,compound,Buffalo Bar Back Squat,strength
Bulgarian Split Squat,legs,dumbbell,compound,"BSS, DB Bulgarian Split Squat, Rear Foot Elevated Split Squat, RFESS",strength
Butterfly Stretch,legs,bodyweight,isolation,Seated Butterfly,holds
Cable Calf Raise,legs,cable,isolation,Standing Cable Calf Raise,strength
Cable Goblet Squat,legs,cable,compound,Cable Front Squat Goblet,strength
Cable Goblet Squat Hold,legs,cable,compound,Cable Goblet ISO Hold,holds
Cable Hamstring Curl Standing,legs,cable,isolation,Standing Cable Hamstring Curl,strength
Cable Hip Abduction,legs,cable,isolation,Cable Abduction,strength
Cable Hip Adduction,legs,cable,isolation,Cable Adduction,strength
Cable Hip Thrust,legs,cable,compound,Cable Glute Bridge,strength
Cable Kickback,legs,cable,isolation,"Glute Kickback, Cable Glute Kickback",strength
Cable Lateral Lunge,legs,cable,compound,Cable Side Lunge,strength
Cable Lateral Walk,legs,cable,compound,Cable Side Walk,strength
Cable Leg Extension,legs,cable,isolation,Cable Quad Extension,strength
Cable Lying Leg Curl,legs,cable,isolation,Lying Cable Leg Curl,strength
Cable Pull Through Rope,legs,cable,compound,Rope Pull Through,strength
Cable Pull Through Single Leg,legs,cable,compound,Single Leg Pull Through,strength
Cable Romanian Deadlift,legs,cable,compound,Cable RDL,strength
Cable Split Squat,legs,cable,compound,Cable Front Foot Split Squat,strength
Cable Squat,legs,cable,compound,Cable Goblet Squat,strength
Cable Step Up,legs,cable,compound,Cable Box Step Up,strength
Cambered Bar Squat,legs,barbell,compound,Cambered BB Squat,strength
Chain Squat,legs,barbell,compound,Squat with Chains,strength
Clamshell,legs,band,isolation,"Banded Clamshell, Clamshell Exercise",strength
Close Stance Hack Squat,legs,machine,compound,Narrow Hack Squat,strength
Cluster Set Squat,legs,barbell,compound,Cluster Squat,strength
Copenhagen Plank,legs,bodyweight,isolation,Copenhagen Adductor,holds
Cossack Squat,legs,bodyweight,compound,Side Lunge Squat,bodyweight
Couch Stretch,legs,bodyweight,isolation,Wall Quad Stretch,holds
Curtsy Lunge,legs,dumbbell,compound,"DB Curtsy Lunge, Crossover Lunge",strength
Curtsy Lunge to Lateral Lunge,legs,bodyweight,compound,Curtsy to Lateral Lunge,bodyweight
Cyclist Squat,legs,barbell,compound,"Heel Elevated Squat, Quad Squat",strength
DB Cossack Squat,legs,dumbbell,compound,Dumbbell Cossack Squat,strength
DB Single Leg Calf Raise,legs,dumbbell,isolation,Single Leg DB Calf Raise,strength
Deep Squat Hold,legs,bodyweight,isolation,"Squat Hold, Third World Squat",holds
Deficit Reverse Lunge,legs,dumbbell,compound,DB Deficit Reverse Lunge,strength
Donkey Calf Raise,legs,machine,isolation,Donkey Calf Machine,strength
Donkey Kick,legs,bodyweight,isolation,Glute Donkey Kick,bodyweight
Double Kettlebell Squat,legs,kettlebell,compound,Double KB Squat,strength
Dumbbell Calf Raise,legs,dumbbell,isolation,"DB Calf Raise, Single Leg DB Calf Raise",strength
Dumbbell Cyclist Squat,legs,dumbbell,compound,DB Heel Elevated Squat,strength
Dumbbell Front Squat,legs,dumbbell,compound,DB Front Squat,strength
Dumbbell Hip Thrust,legs,dumbbell,compound,DB Hip Thrust,strength
Dumbbell Leg Curl,legs,dumbbell,isolation,"DB Leg Curl, DB Hamstring Curl",strength
Dumbbell Lunge,legs,dumbbell,compound,"DB Lunge, DB Forward Lunge, Dumbbell Forward Lunge",strength
Dumbbell Squat,legs,dumbbell,compound,DB Squat,strength
Dumbbell Stiff Leg Deadlift,legs,dumbbell,compound,"DB SLDL, DB Stiff Leg Deadlift",strength
Eccentric Calf Raise,legs,bodyweight,isolation,Negative Calf Raise,bodyweight
Eccentric Hamstring Slide,legs,bodyweight,isolation,Hamstring Slide Eccentric,bodyweight
Eccentric Leg Extension,legs,machine,isolation,Negative Leg Extension,strength
Eccentric Lying Leg Curl,legs,machine,isolation,Negative Leg Curl,strength
Eccentric Nordic Curl,legs,bodyweight,isolation,Negative Nordic Curl,bodyweight
Eccentric Seated Leg Curl,legs,machine,isolation,Negative Seated Leg Curl,strength
Elephant Walk,legs,bodyweight,isolation,Hamstring Walk,bodyweight
Elevated Heel Squat Bodyweight,legs,bodyweight,compound,BW Heel Elevated Squat,bodyweight
Fire Hydrant,legs,bodyweight,isolation,Fire Hydrant Exercise,bodyweight
Foam Roll Glutes,legs,other,isolation,Glute Foam Roll,strength
Foam Roll IT Band,legs,other,isolation,IT Band Foam Roll,strength
Foam Roll Quads,legs,other,isolation,Quad Foam Roll,strength
Frog Pump,legs,bodyweight,isolation,Frog Glute Bridge,bodyweight
Frog Stretch,legs,bodyweight,isolation,Frog Pose,holds
Front Foot Elevated Split Squat,legs,dumbbell,compound,"FFE Split Squat, Deficit Split Squat",strength
Front Rack Kettlebell Squat,legs,kettlebell,compound,Double KB Front Rack Squat,strength
GHR with Band,legs,band,compound,Banded GHR,strength
Glute Bridge,legs,bodyweight,compound,"BW Glute Bridge, Bodyweight Glute Bridge",bodyweight
Glute Bridge March,legs,bodyweight,compound,Marching Glute Bridge,bodyweight
Glute Drive Machine,legs,machine,compound,Glute Drive,strength
Glute Focused Back Extension,legs,bodyweight,isolation,45 Degree Glute Extension,bodyweight
Glute Ham Raise,legs,bodyweight,compound,"GHR, GH Raise, Glute Hamstring Raise, Glute Ham Developer",bodyweight
Goblet Box Squat,legs,dumbbell,compound,DB Goblet Box Squat,strength
Goblet Squat,legs,dumbbell,compound,"DB Goblet Squat, Dumbbell Goblet Squat",strength
Hack Squat Calf Raise,legs,machine,isolation,Calf Raise Hack Squat,strength
Hack Squat Machine,legs,machine,compound,"Hack Squat, Machine Hack Squat",strength
Hack Squat Machine Close,legs,machine,compound,Close Stance Machine Hack,strength
Hatfield Squat,legs,barbell,compound,Hatfield SSB Squat,strength
Heel Elevated Back Squat,legs,barbell,compound,Back Squat Heel Raised,strength
Heel Elevated Goblet Squat,legs,dumbbell,compound,Elevated Heel Goblet Squat,strength
High Box Step Up,legs,bodyweight,compound,High Step Up BW,bodyweight
High Foot Leg Press,legs,machine,compound,High Foot Placement Leg Press,strength
High Step Up,legs,dumbbell,compound,Tall Step Up,strength
Hip 90/90 Switch,legs,bodyweight,isolation,Shin Box Switch,bodyweight
Hip Abduction Machine,legs,machine,isolation,"Abductor Machine, Seated Abduction, Hip Abductor",strength
Hip Adduction Machine,legs,machine,isolation,"Adductor Machine, Seated Adduction, Hip Adductor, Inner Thigh Machine",strength
Hip Airplane,legs,bodyweight,isolation,Standing Hip Rotation,bodyweight
Hip Circle Squat,legs,band,compound,Banded Hip Circle Squat,strength
Hip Circle Warmup,legs,band,isolation,Hip Circle Activation,strength
Hip Flexor Stretch,legs,bodyweight,isolation,"Kneeling Hip Flexor Stretch, Lunge Stretch",holds
Hip Thrust,legs,barbell,compound,"BB Hip Thrust, Barbell Hip Thrust, Barbell Glute Bridge",strength
Hip Thrust Machine Pause,legs,machine,compound,Paused Machine Hip Thrust,strength
Horizontal Leg Press,legs,machine,compound,Seated Leg Press,strength
ISO Hold Leg Curl,legs,machine,isolation,Isometric Leg Curl,holds
ISO Hold Leg Extension,legs,machine,isolation,Isometric Leg Extension,holds
Jefferson Squat,legs,barbell,compound,Jefferson Lift,strength
Kettlebell Front Rack Lunge,legs,kettlebell,compound,KB Rack Lunge,strength
Kettlebell Front Squat,legs,kettlebell,compound,"KB Front Squat, Double KB Front Squat",strength
Kettlebell Goblet Squat,legs,kettlebell,compound,KB Goblet Squat,strength
Kettlebell Hack Squat,legs,kettlebell,compound,KB Hack Squat,strength
Kettlebell Lunge,legs,kettlebell,compound,KB Lunge,strength
Kettlebell Overhead Squat,legs,kettlebell,compound,KB Overhead Squat,strength
Kettlebell Pistol Squat,legs,kettlebell,compound,KB Pistol,strength
Kettlebell Single Leg RDL,legs,kettlebell,compound,KB Single Leg RDL,strength
Kettlebell Split Squat,legs,kettlebell,compound,KB Split Squat,strength
Kettlebell Step Up,legs,kettlebell,compound,KB Step Up,strength
Kettlebell Sumo Squat,legs,kettlebell,compound,KB Sumo Squat,strength
Kettlebell Swing to Squat,legs,kettlebell,compound,KB Swing Squat,strength
KOT Squat,legs,bodyweight,compound,"Knees Over Toes Squat, Full ROM Squat",bodyweight
Lacrosse Ball Glute,legs,other,isolation,Glute Ball Release,strength
Landmine Reverse Lunge,legs,barbell,compound,Landmine Lunge,strength
Landmine Squat,legs,barbell,compound,Landmine Goblet Squat,strength
Lateral Band Walk,legs,band,compound,"Banded Lateral Walk, Side Band Walk",strength
Lateral Lunge,legs,dumbbell,compound,"Side Lunge, DB Lateral Lunge",strength
Lateral Lunge to Balance,legs,bodyweight,compound,Side Lunge Balance,bodyweight
Lateral Squat,legs,bodyweight,compound,Side Squat,bodyweight
Lateral Step Up,legs,dumbbell,compound,Side Step Up,strength
Leg Curl Drop Set,legs,machine,isolation,Drop Set Leg Curl,strength
Leg Extension,legs,machine,isolation,"Leg Ext, Quad Extension, Machine Leg Extension, Knee Extension",strength
Leg Extension Drop Set,legs,machine,isolation,Drop Set Leg Extension,strength
Leg Extension Pause,legs,machine,isolation,Paused Leg Extension,strength
Leg Press,legs,machine,compound,"Machine Leg Press, 45 Degree Leg Press",strength
Leg Press Calf Raise,legs,machine,isolation,"Calf Press, Calf Raise on Leg Press",strength
Leg Press Narrow Calf Raise,legs,machine,isolation,Narrow Calf Press,strength
Leg Press Single Leg Close Stance,legs,machine,compound,Single Leg Close Leg Press,strength
Lengthened Partial Leg Curl,legs,machine,isolation,Stretch Focused Leg Curl,strength
Lever Hip Thrust Machine,legs,machine,compound,Machine Lever Hip Thrust,strength
Lever Leg Extension,legs,machine,isolation,Machine Lever Leg Ext,strength
Lever Lying Leg Curl,legs,machine,isolation,Machine Prone Curl,strength
Lever Seated Calf Raise,legs,machine,isolation,Machine Seated Calf Lever,strength
Low Bar Squat,legs,barbell,compound,Low Bar Back Squat,strength
Lunge,legs,bodyweight,compound,"Forward Lunge, BW Lunge, Bodyweight Lunge",bodyweight
Lying Leg Curl,legs,machine,isolation,"Leg Curl, Hamstring Curl, Lying Hamstring Curl, Prone Leg Curl",strength
Machine Abduction with Lean,legs,machine,isolation,Leaning Abduction Machine,strength
Machine Abductor Pause,legs,machine,isolation,Paused Abductor Machine,strength
Machine Adduction Pause Hold,legs,machine,isolation,ISO Adductor Hold,holds
Machine Adductor Pause,legs,machine,isolation,Paused Adductor Machine,strength
Machine Calf Raise Standing,legs,machine,isolation,Standing Machine Calf,strength
Machine Hip Thrust,legs,machine,compound,Hip Thrust Machine,strength
Machine Kickback,legs,machine,isolation,Glute Kickback Machine,strength
Machine Leg Press Calf Raise Narrow,legs,machine,isolation,Narrow Stance Calf Press,strength
Machine Squat Press,legs,machine,compound,Squat Press Machine,strength
Mini Band Squat Walk,legs,band,compound,Banded Squat Walk,strength
Monster Walk,legs,band,compound,"Banded Monster Walk, Band Walk",strength
Myo Rep Leg Curl,legs,machine,isolation,Myo Reps Leg Curl,strength
Myo Rep Leg Extension,legs,machine,isolation,Myo Reps Leg Extension,strength
Narrow Stance Leg Press,legs,machine,compound,Close Stance Leg Press,strength
Natural Glute Ham Raise,legs,bodyweight,compound,Natural GHR,bodyweight
Nordic Hamstring Curl,legs,bodyweight,isolation,"Nordic Curl, Nordics, Nordic Ham Curl, NHC",bodyweight
Overhead Band Squat,legs,band,compound,Band Overhead Squat,strength
Overhead Lunge,legs,dumbbell,compound,DB Overhead Lunge,strength
Overhead Squat,legs,barbell,compound,"OHS, BB Overhead Squat",strength
Overhead Squat Bodyweight,legs,bodyweight,compound,BW Overhead Squat,bodyweight
Overhead Squat Dumbbell,legs,dumbbell,compound,DB Overhead Squat,strength
Overhead Squat from Snatch,legs,barbell,compound,Snatch to Overhead Squat,strength
Pancake Stretch,legs,bodyweight,isolation,Seated Straddle Stretch,holds
Partial Rep Leg Extension,legs,machine,isolation,Partial Leg Extension,strength
Pause Bulgarian Split Squat,legs,dumbbell,compound,Paused BSS,strength
Pause Front Squat,legs,barbell,compound,Paused Front Squat,strength
Pause Hip Thrust,legs,barbell,compound,Paused Hip Thrust,strength
Pause Leg Curl,legs,machine,isolation,Paused Leg Curl,strength
Pause Squat,legs,barbell,compound,"Paused Squat, Pause Back Squat",strength
Pendulum Kickback,legs,machine,isolation,Pendulum Glute Kickback,strength
Pendulum Squat,legs,machine,compound,Pendulum Squat Machine,strength
Pendulum Squat Close Stance,legs,machine,compound,Narrow Pendulum Squat,strength
Peterson Step Down,legs,bodyweight,isolation,Poliquin Step Down,bodyweight
Pigeon Stretch,legs,bodyweight,isolation,"Pigeon Pose, Hip Pigeon Stretch",holds
Pin Squat,legs,barbell,compound,Anderson Squat,strength
Pistol Squat,legs,bodyweight,compound,"Single Leg Squat, One Leg Squat",bodyweight
Plate Loaded Leg Press,legs,machine,compound,Plate Loaded Leg Press Machine,strength
Poliquin Step Up,legs,dumbbell,isolation,Peterson Step Up,strength
Prisoner Squat,legs,bodyweight,compound,Hands Behind Head Squat,bodyweight
Prone Dumbbell Hamstring Curl,legs,dumbbell,isolation,Prone DB Hamstring Curl,strength
Quadruped Hip Circle,legs,bodyweight,isolation,All Fours Hip Circle,bodyweight
Quadruped Rock Back,legs,bodyweight,isolation,Quad Rock Back,bodyweight
Razor Curl,legs,bodyweight,isolation,GHR Razor Curl,bodyweight
Rear Foot Elevated Hip Thrust,legs,bodyweight,compound,Elevated Hip Thrust,bodyweight
Rest Pause Squat,legs,barbell,compound,RP Squat,strength
Reverse Band Squat,legs,barbell,compound,Band Assisted Squat,strength
Reverse Hyper Single Leg,legs,machine,isolation,One Leg Reverse Hyper,strength
Reverse Lunge,legs,dumbbell,compound,"DB Reverse Lunge, Dumbbell Reverse Lunge",strength
Reverse Lunge to Knee Drive,legs,bodyweight,compound,Lunge Knee Drive,bodyweight
Reverse Nordic Curl,legs,bodyweight,isolation,Reverse Nordic,bodyweight
Reverse Nordic with Band,legs,band,isolation,Banded Reverse Nordic,strength
Reverse Sissy Squat,legs,bodyweight,isolation,Reverse Sissy,bodyweight
Reverse Sled Drag Walk,legs,other,compound,Backward Sled Drag,carry_sled
Safety Bar Squat,legs,barbell,compound,"SSB Squat, Safety Squat Bar Squat",strength
Sandbag Lunge,legs,other,compound,Sand Bag Lunge,strength
Seated Band Abduction,legs,band,isolation,Seated Banded Abduction,strength
Seated Band Leg Curl,legs,band,isolation,Banded Seated Leg Curl,strength
Seated Calf Raise,legs,machine,isolation,Seated Calf Machine,strength
Seated Calf Raise Barbell,legs,barbell,isolation,BB Seated Calf Raise Legs,strength
Seated Calf Raise Dumbbell,legs,dumbbell,isolation,DB Seated Calf Raise,strength
Seated Leg Curl,legs,machine,isolation,"Seated Hamstring Curl, Machine Seated Leg Curl",strength
Seated Machine Calf Raise ISO,legs,machine,isolation,ISO Machine Calf Raise,strength
Shrimp Squat,legs,bodyweight,compound,Single Leg Shrimp Squat,bodyweight
Side Lying Hip Abduction,legs,bodyweight,isolation,"Side Lying Leg Raise, Side Hip Raise",bodyweight
Single Leg Box Squat,legs,bodyweight,compound,One Leg Box Squat,bodyweight
Single Leg Cable Kickback,legs,cable,isolation,One Leg Cable Kickback,strength
Single Leg Cable RDL,legs,cable,compound,One Leg Cable RDL,strength
Single Leg Calf Raise,legs,bodyweight,isolation,"One Leg Calf Raise, SL Calf Raise",bodyweight
Single Leg Extension,legs,machine,isolation,"One Leg Extension, Unilateral Leg Extension",strength
Single Leg Glute Bridge,legs,bodyweight,compound,"SL Glute Bridge, One Leg Glute Bridge",bodyweight
Single Leg Hip Thrust,legs,bodyweight,compound,"One Leg Hip Thrust, SL Hip Thrust",bodyweight
Single Leg Hip Thrust Dumbbell,legs,dumbbell,compound,DB Single Leg Hip Thrust,strength
Single Leg Leg Press,legs,machine,compound,"One Leg Leg Press, Unilateral Leg Press",strength
Single Leg Lying Leg Curl,legs,machine,isolation,One Leg Lying Curl,strength
Single Leg Seated Leg Curl,legs,machine,isolation,One Leg Seated Curl,strength
Single Leg Soleus Raise,legs,bodyweight,isolation,One Leg Soleus Raise,bodyweight
Sissy Squat,legs,bodyweight,isolation,Sissy Squat Machine,bodyweight
Sissy Squat Machine Weighted,legs,machine,isolation,Weighted Machine Sissy,strength
Sissy Squat Weighted,legs,other,isolation,Weighted Sissy Squat,strength
Sissy Squat with Band,legs,band,isolation,Banded Sissy Squat,strength
Sled Drag,legs,other,compound,Sled Backward Drag,carry_sled
Sled Pull,legs,other,compound,Prowler Pull,carry_sled
Sled Push,legs,other,compound,Prowler Push,carry_sled
Slider Body Curl,legs,bodyweight,isolation,Slider Leg Curl BW,bodyweight
Sliding Leg Curl,legs,bodyweight,isolation,Slider Hamstring Curl,bodyweight
Smith Machine Bulgarian Split Squat,legs,machine,compound,Smith BSS,strength
Smith Machine Calf Raise,legs,machine,isolation,Smith Calf Raise,strength
Smith Machine Calf Raise Seated,legs,machine,isolation,Seated Smith Calf Raise,strength
Smith Machine Front Squat,legs,machine,compound,Smith Front Squat,strength
Smith Machine Hack Squat,legs,machine,compound,Smith Machine Reverse Squat,strength
Smith Machine Hip Thrust,legs,machine,compound,Smith Hip Thrust,strength
Smith Machine Lunge,legs,machine,compound,Smith Lunge,strength
Smith Machine Reverse Lunge,legs,machine,compound,Smith Reverse Lunge,strength
Smith Machine Split Squat,legs,machine,compound,Smith Split Squat,strength
Smith Machine Squat,legs,machine,compound,Smith Squat,strength
Soleus Raise,legs,bodyweight,isolation,"Seated Soleus Raise, Bent Knee Calf Raise",bodyweight
Spanish Squat,legs,band,isolation,Banded Spanish Squat,strength
Speed Squat,legs,barbell,compound,Dynamic Effort Squat,strength
Split Squat,legs,dumbbell,compound,"DB Split Squat, Static Lunge",strength
Stability Ball Hip Thrust,legs,other,compound,Swiss Ball Hip Thrust,strength
Stability Ball Leg Curl,legs,other,isolation,"Swiss Ball Leg Curl, Ball Hamstring Curl",strength
Standing Band Leg Curl,legs,band,isolation,Banded Standing Leg Curl,strength
Standing Calf Raise,legs,machine,isolation,"Calf Raise, Machine Calf Raise, Standing Calf Machine",strength
Standing Calf Raise Dumbbell,legs,dumbbell,isolation,Standing DB Calf Raise,strength
Standing Hamstring Stretch,legs,bodyweight,isolation,Standing Toe Touch,holds
Standing Leg Curl,legs,machine,isolation,"Standing Hamstring Curl, Single Leg Curl",strength
Standing Machine Calf Raise ISO,legs,machine,isolation,ISO Standing Calf Machine,strength
Standing Single Leg Curl Band,legs,band,isolation,Banded Standing Curl Single Leg,strength
Step Up,legs,dumbbell,compound,"DB Step Up, Dumbbell Step Up, Step-Up",strength
Step Up to Knee Drive,legs,dumbbell,compound,Step Up Knee Drive,strength
Stiff Leg Deadlift,legs,barbell,compound,"SLDL, Straight Leg Deadlift",strength
Sumo Leg Press,legs,machine,compound,Wide Foot Leg Press,strength
Sumo Squat,legs,dumbbell,compound,"DB Sumo Squat, Plie Squat, Sumo Dumbbell Squat",strength
Sumo Stance Calf Raise,legs,bodyweight,isolation,Wide Stance Calf Raise,bodyweight
Sumo Walk,legs,band,compound,Banded Sumo Walk,strength
Tempo Front Squat,legs,barbell,compound,Slow Front Squat,strength
Tempo Hip Thrust,legs,barbell,compound,Slow Hip Thrust,strength
Tempo Squat,legs,barbell,compound,"Tempo Back Squat, Slow Squat",strength
Tibialis Raise,legs,bodyweight,isolation,"Tib Raise, Tibialis Anterior Raise",bodyweight
Tibialis Raise Seated,legs,bodyweight,isolation,Seated Tib Raise,bodyweight
Trap Bar Jump,legs,barbell,plyometric,Hex Bar Jump Squat,strength
Trap Bar Lunge,legs,barbell,compound,Hex Bar Lunge,strength
TRX Hamstring Curl,legs,bodyweight,isolation,Suspension Hamstring Curl,bodyweight
TRX Lunge,legs,bodyweight,compound,Suspension Lunge,bodyweight
TRX Single Leg Squat,legs,bodyweight,compound,Suspension Pistol Squat,bodyweight
V Squat,legs,machine,compound,V Squat Machine,strength
Walking Lunge,legs,dumbbell,compound,"DB Walking Lunge, Dumbbell Walking Lunge",strength
Walking Lunge Overhead Barbell,legs,barbell,compound,Overhead BB Walking Lunge,strength
Walking Overhead Lunge,legs,dumbbell,compound,Overhead Walking Lunge,strength
Wall Sit,legs,bodyweight,isolation,"Wall Squat, Wall Sit Hold",holds
Weighted Pistol Squat,legs,dumbbell,compound,DB Pistol Squat,strength
Weighted Shrimp Squat,legs,dumbbell,compound,DB Shrimp Squat,strength
Weighted Tibialis Raise,legs,other,isolation,Tib Bar Raise,strength
Wide Stance Hack Squat,legs,machine,compound,Wide Hack Squat,strength
Wide Stance Leg Extension,legs,machine,isolation,Wide Leg Extension,strength
Wide Stance Leg Press,legs,machine,compound,Sumo Leg Press,strength
Zercher Lunge,legs,barbell,compound,Zercher Walking Lunge,strength
Zercher Squat,legs,barbell,compound,Zercher,strength
1.5 Rep Preacher Curl,arms,barbell,isolation,One and Half Preacher,strength
1.5 Rep Skull Crusher,arms,barbell,isolation,One and Half Skull Crusher,strength
21s Barbell Curl,arms,barbell,isolation,"21s, Twenty Ones",strength
21s Dumbbell Curl,arms,dumbbell,isolation,DB 21s,strength
Alternating Dumbbell Curl,arms,dumbbell,isolation,"Alt DB Curl, Alternating Curl",strength
Alternating Hammer Curl,arms,dumbbell,isolation,Alt Hammer Curl,strength
Axle Bar Curl,arms,barbell,isolation,Axle Curl,strength
Band Concentration Curl,arms,band,isolation,Banded Concentration Curl,strength
Band Curl,arms,band,isolation,"Resistance Band Curl, Banded Bicep Curl",strength
Band Curl 21s,arms,band,isolation,Banded 21s,strength
Band Curl Behind Back,arms,band,isolation,Behind Back Band Curl,strength
Band Hammer Curl,arms,band,isolation,Resistance Band Hammer Curl,strength
Band Overhead Extension,arms,band,isolation,Resistance Band OH Extension,strength
Band Overhead Tricep Extension,arms,band,isolation,Banded Overhead Tricep Extension,strength
Band Pushdown,arms,band,isolation,"Resistance Band Pushdown, Banded Tricep Pushdown",strength
Band Tricep Kickback,arms,band,isolation,Resistance Band Tricep Kick,strength
Banded Tricep Pushdown,arms,band,isolation,Resistance Band Tricep Pushdown,strength
Barbell Curl,arms,barbell,isolation,"BB Curl, Standing Barbell Curl, Bicep Curl, Barbell Bicep Curl",strength
Barbell Curl 21s Reverse,arms,barbell,isolation,Reverse 21s,strength
Barbell Curl Drag,arms,barbell,isolation,BB Curl Drag,strength
Barbell Overhead Tricep Extension,arms,barbell,isolation,"BB Overhead Extension, Standing BB Tricep Extension",strength
Barbell Reverse Curl EZ Bar,arms,barbell,isolation,EZ Reverse Curl,strength
Barbell Wrist Curl,arms,barbell,isolation,"BB Wrist Curl, Wrist Curl",strength
Bayesian Curl,arms,cable,isolation,"Behind Body Cable Curl, Bayesian Cable Curl",strength
Behind the Back Wrist Curl,arms,barbell,isolation,Behind Back Wrist Curl,strength
Bench Dip Weighted,arms,bodyweight,compound,Weighted Bench Dip Arms,strength
Bicep Curl Drop Set,arms,dumbbell,isolation,Drop Set DB Curl,strength
Bodyweight Dip Narrow Grip,arms,bodyweight,compound,Narrow Dip,bodyweight
Bodyweight Tricep Extension,arms,bodyweight,isolation,"BW Tricep Extension, Bodyweight Skull Crusher",bodyweight
Cable Bicep Curl 21s,arms,cable,isolation,Cable 21s,strength
Cable Concentration Curl,arms,cable,isolation,Single Arm Concentration Cable Curl,strength
Cable Concentration Curl Low,arms,cable,isolation,Low Cable Concentration Curl,strength
Cable Curl,arms,cable,isolation,"Cable Bicep Curl, Standing Cable Curl, Straight Bar Cable Curl",strength
Cable Curl Bar EZ,arms,cable,isolation,EZ Bar Cable Curl,strength
Cable Curl to Overhead Extension,arms,cable,compound,Curl to Extension Cable,strength
Cable Drag Curl,arms,cable,isolation,Cable Drag Bicep Curl,strength
Cable French Press,arms,cable,isolation,Overhead Cable French Press,strength
Cable Hammer Curl,arms,cable,isolation,"Rope Cable Curl, Rope Hammer Curl, Cable Rope Curl",strength
Cable Overhead Tricep Extension,arms,cable,isolation,"Overhead Cable Extension, Cable Overhead Extension, Rope Overhead Extension",strength
Cable Preacher Curl,arms,cable,isolation,Cable Preacher,strength
Cable Reverse Curl,arms,cable,isolation,Reverse Cable Curl,strength
Cable Skull Crusher Flat,arms,cable,isolation,Lying Cable Skull Crusher,strength
Cable Skull Crusher Incline,arms,cable,isolation,Incline Cable Skull Crusher,strength
Cable Spider Curl,arms,cable,isolation,Cable Spider Bicep Curl,strength
Cable Tricep Pushdown,arms,cable,isolation,"Tricep Pushdown, Cable Pushdown, Tricep Push Down, Pushdown, Rope Pushdown",strength
Cable Tricep Pushdown 21s,arms,cable,isolation,Pushdown 21s,strength
Cable Wrist Curl,arms,cable,isolation,Cable Wrist Flexion,strength
California Press,arms,barbell,compound,Hybrid Press,strength
Cheat Curl,arms,barbell,isolation,BB Cheat Curl,strength
Close Grip Barbell Curl,arms,barbell,isolation,"Narrow Grip BB Curl, Close Grip EZ Bar Curl",strength
Close Grip Push Up on Bench,arms,bodyweight,compound,Bench Close Grip Push Up,bodyweight
Concentration Curl,arms,dumbbell,isolation,"DB Concentration Curl, Seated Concentration Curl",strength
Cross Body Cable Curl,arms,cable,isolation,Cross Body Cable Bicep Curl,strength
Cross Body Cable Extension,arms,cable,isolation,Cross Body Pushdown,strength
Cross Body Hammer Curl,arms,dumbbell,isolation,"Cross Body Curl, Pinwheel Curl",strength
Dead Hang,arms,bodyweight,isolation,"Bar Hang, Passive Hang",holds
Decline Close Grip Bench Press,arms,barbell,compound,Decline CG Bench,strength
Decline Dumbbell Curl,arms,dumbbell,isolation,Decline DB Curl,strength
Decline EZ Bar Skull Crusher,arms,barbell,isolation,Decline EZ Skull Crusher,strength
Decline Skull Crusher,arms,barbell,isolation,Decline BB Skull Crusher,strength
Double Dumbbell Kickback,arms,dumbbell,isolation,Two Arm DB Kickback,strength
Drag Curl,arms,barbell,isolation,"Barbell Drag Curl, BB Drag Curl",strength
Dumbbell 21s Curl,arms,dumbbell,isolation,DB Twenty Ones,strength
Dumbbell Close Grip Press,arms,dumbbell,compound,"DB Close Grip Press, DB Close Grip Bench",strength
Dumbbell Curl,arms,dumbbell,isolation,"DB Curl, Standing DB Curl, Dumbbell Bicep Curl, DB Bicep Curl",strength
Dumbbell Kickback,arms,dumbbell,isolation,"Tricep Kickback, DB Kickback, DB Tricep Kickback",strength
Dumbbell Overhead Extension Two Arm Seated,arms,dumbbell,isolation,Seated Two Arm DB Extension,strength
Dumbbell Preacher Curl,arms,dumbbell,isolation,"DB Preacher Curl, Single Arm Preacher Curl",strength
Dumbbell Pronation Curl,arms,dumbbell,isolation,DB Pronation,strength
Dumbbell Pronation Supination,arms,dumbbell,isolation,DB Forearm Rotation,strength
Dumbbell Reverse Curl,arms,dumbbell,isolation,DB Reverse Curl,strength
Dumbbell Skull Crusher,arms,dumbbell,isolation,"DB Skull Crusher, Lying DB Tricep Extension",strength
Dumbbell Spider Curl,arms,dumbbell,isolation,"DB Spider Curl, Incline Prone Curl",strength
Dumbbell Tate Press,arms,dumbbell,isolation,"Tate Press, DB Tate Press",strength
Dumbbell Tricep Extension,arms,dumbbell,isolation,"DB Tricep Extension, DB Overhead Extension, Dumbbell Overhead Extension, Single Arm DB Tricep Extension",strength
Dumbbell Wrist Curl,arms,dumbbell,isolation,DB Wrist Curl,strength
EZ Bar Close Grip Press,arms,barbell,compound,EZ Close Grip Press,strength
EZ Bar Curl,arms,barbell,isolation,"EZ Curl, EZ-Bar Curl, Cambered Bar Curl",strength
EZ Bar Overhead Extension Seated,arms,barbell,isolation,Seated EZ Overhead Extension,strength
EZ Bar Spider Curl,arms,barbell,isolation,EZ Spider Curl,strength
Farmer Walk,arms,dumbbell,compound,"Farmer Carry, DB Farmer Walk, Farmer's Walk, Farmers Carry",carry_sled
Fat Grip Curl,arms,barbell,isolation,Thick Bar Curl,strength
Finger Extension,arms,band,isolation,Band Finger Extension,strength
Floor Press Dumbbell Close Grip,arms,dumbbell,compound,Close Grip DB Floor Press,strength
Floor Skull Crusher,arms,barbell,isolation,Floor Tricep Extension,strength
Grip Crush,arms,other,isolation,"Gripper, Hand Gripper, Crush Grip",strength
Hammer Curl,arms,dumbbell,isolation,"DB Hammer Curl, Dumbbell Hammer Curl, Neutral Grip Curl",strength
Hammer Curl Rope Cable,arms,cable,isolation,Cable Rope Hammer Curl,strength
Incline Cable Curl,arms,cable,isolation,Incline Cable Bicep Curl,strength
Incline DB Curl Close Grip,arms,dumbbell,isolation,Narrow Incline Curl,strength
Incline Dumbbell Curl,arms,dumbbell,isolation,"Incline DB Curl, Incline Curl",strength
Incline Dumbbell Reverse Curl,arms,dumbbell,isolation,Incline DB Reverse Curl,strength
Incline Dumbbell Tricep Extension,arms,dumbbell,isolation,Incline DB Tricep Extension,strength
Incline EZ Bar Skull Crusher,arms,barbell,isolation,Incline EZ Skull Crusher,strength
Incline Hammer Curl,arms,dumbbell,isolation,Incline DB Hammer Curl,strength
Incline Skull Crusher,arms,barbell,isolation,Incline Lying Tricep Extension,strength
Iso Lateral Machine Curl,arms,machine,isolation,ISO Machine Bicep Curl,strength
Iso Lateral Machine Extension,arms,machine,isolation,ISO Machine Tricep Extension,strength
JM Press,arms,barbell,compound,JM Press Barbell,strength
Kettlebell Bottoms Up Curl,arms,kettlebell,isolation,KB Bottoms Up Curl,strength
Kettlebell Crush Curl,arms,kettlebell,isolation,KB Crush Curl,strength
Kettlebell Curl,arms,kettlebell,isolation,"KB Curl, KB Bicep Curl",strength
Kettlebell Hammer Curl,arms,kettlebell,isolation,KB Hammer Curl,strength
Kettlebell Overhead Extension,arms,kettlebell,isolation,"KB Overhead Extension, KB Tricep Extension",strength
Kettlebell Skull Crusher,arms,kettlebell,isolation,KB Skull Crusher,strength
Kettlebell Strict Curl,arms,kettlebell,isolation,KB Strict Curl,strength
Kettlebell Tricep Press,arms,kettlebell,isolation,KB Tricep Press,strength
Lengthened Partial Incline Curl,arms,dumbbell,isolation,Stretch Focused Incline Curl,strength
Lengthened Partial Overhead Extension,arms,cable,isolation,Stretch Focused Tricep Extension,strength
Lever Seated Dip Machine,arms,machine,compound,Machine Lever Dip,strength
Low Cable Curl,arms,cable,isolation,Behind the Body Cable Curl,strength
Lying Cable Curl,arms,cable,isolation,Floor Cable Curl,strength
Lying Cable Extension,arms,cable,isolation,Floor Cable Tricep Extension,strength
Machine Curl,arms,machine,isolation,"Bicep Curl Machine, Machine Bicep Curl, Preacher Curl Machine",strength
Machine Preacher Curl,arms,machine,isolation,Machine Scott Curl,strength
Machine Tricep Dip Vertical,arms,machine,compound,Vertical Dip Machine,strength
Machine Tricep Extension,arms,machine,isolation,"Tricep Extension Machine, Machine Tricep Pushdown",strength
Mechanical Drop Set Curl,arms,dumbbell,isolation,Mechanical Dropset Curl,strength
Myo Rep Bicep Curl,arms,dumbbell,isolation,Myo Reps Curl,strength
Myo Rep Tricep Pushdown,arms,cable,isolation,Myo Reps Pushdown,strength
Overhead Cable Curl,arms,cable,isolation,"High Cable Curl, Cable Crucifix Curl",strength
Overhead Cable Extension Single Arm,arms,cable,isolation,One Arm Overhead Cable Extension,strength
Overhead EZ Bar Extension,arms,barbell,isolation,"EZ Overhead Extension, EZ Bar Tricep Extension",strength
Partial Rep Bicep Curl,arms,dumbbell,isolation,Partial Curl,strength
PJR Pullover,arms,dumbbell,isolation,PJR Tricep Pullover,strength
Plate Curl,arms,other,isolation,Weight Plate Curl,strength
Plate Pinch Hold,arms,other,isolation,"Plate Pinch, Pinch Grip Hold",holds
Preacher Curl,arms,barbell,isolation,"BB Preacher Curl, EZ Bar Preacher Curl, Scott Curl",strength
Preacher Curl Machine Reverse,arms,machine,isolation,Reverse Machine Preacher,strength
Prone Incline Curl,arms,dumbbell,isolation,Chest Supported DB Curl,strength
Prone Incline Dumbbell Tricep Extension,arms,dumbbell,isolation,Prone DB Tricep Extension,strength
Prone Incline Hammer Curl,arms,dumbbell,isolation,Chest Supported Hammer Curl,strength
Reverse Barbell Curl,arms,barbell,isolation,"Reverse BB Curl, Reverse Curl, Pronated Curl",strength
Reverse Grip Cable Curl,arms,cable,isolation,Reverse Cable Curl Arms,strength
Reverse Grip Pushdown,arms,cable,isolation,"Reverse Grip Tricep Pushdown, Underhand Pushdown",strength
Reverse Grip Skull Crusher,arms,barbell,isolation,Supinated Skull Crusher,strength
Reverse Wrist Curl,arms,barbell,isolation,"BB Reverse Wrist Curl, Wrist Extension",strength
Ring Bicep Curl,arms,bodyweight,isolation,Gymnastics Ring Curl,bodyweight
Ring Tricep Extension,arms,bodyweight,isolation,Ring Skull Crusher,bodyweight
Rolling Dumbbell Tricep Extension,arms,dumbbell,isolation,Rolling DB Extension,strength
Rope Overhead Extension Standing,arms,cable,isolation,Standing Rope Overhead Extension,strength
Scott Curl Dumbbell,arms,dumbbell,isolation,DB Scott Curl,strength
Seated Barbell Overhead Extension,arms,barbell,isolation,Seated BB Tricep Extension,strength
Seated Dumbbell Curl,arms,dumbbell,isolation,Seated DB Curl,strength
Seated Dumbbell Tricep Extension,arms,dumbbell,isolation,"Seated DB Tricep Extension, Seated Overhead DB Extension",strength
Seated EZ Bar Curl,arms,barbell,isolation,Seated EZ Curl,strength
Single Arm Cable Curl,arms,cable,isolation,One Arm Cable Curl,strength
Single Arm Cable Overhead Extension,arms,cable,isolation,One Arm Cable Overhead Extension,strength
Single Arm Cable Pushdown,arms,cable,isolation,"One Arm Pushdown, Single Arm Pushdown",strength
Single Arm Dumbbell Curl,arms,dumbbell,isolation,One Arm DB Curl,strength
Single Arm Dumbbell Kickback,arms,dumbbell,isolation,One Arm DB Kickback,strength
Single Arm Dumbbell Skull Crusher,arms,dumbbell,isolation,One Arm DB Skull Crusher,strength
Single Arm Rope Pushdown,arms,cable,isolation,One Arm Rope Pushdown,strength
Skull Crusher,arms,barbell,isolation,"Lying Tricep Extension, BB Skull Crusher, EZ Bar Skull Crusher, Nose Breaker, French Press",strength
Smith Machine Close Grip Press,arms,machine,compound,Smith CG Bench,strength
Spider Curl,arms,dumbbell,isolation,"Spider Curl DB, Prone Incline Curl Arms",strength
Spider Curl Barbell,arms,barbell,isolation,BB Spider Curl,strength
Standing Cable Curl to Press,arms,cable,compound,Cable Curl Press,strength
Standing EZ Bar Curl,arms,barbell,isolation,Standing EZ Curl,strength
Standing Overhead Cable Curl,arms,cable,isolation,Overhead Cable Bicep Curl,strength
Straight Bar Pushdown,arms,cable,isolation,"V-Bar Pushdown, Bar Pushdown, Straight Bar Tricep Pushdown",strength
Tall Kneeling Cable Extension,arms,cable,isolation,Kneeling Cable Tricep Extension,strength
Tempo Skull Crusher,arms,barbell,isolation,Slow Skull Crusher,strength
Towel Pull Up,arms,bodyweight,compound,Towel Grip Pull Up,bodyweight
Tricep Dip,arms,bodyweight,compound,"Bench Dip, Dip for Triceps",bodyweight
Tricep Pushdown Drop Set,arms,cable,isolation,Drop Set Pushdown,strength
TRX Bicep Curl,arms,bodyweight,isolation,Suspension Curl,bodyweight
TRX Tricep Extension,arms,bodyweight,isolation,Suspension Tricep Extension,bodyweight
Two Arm Dumbbell Overhead Extension,arms,dumbbell,isolation,"Two Arm DB Tricep Extension, Two Arm Overhead Extension",strength
V-Bar Pushdown,arms,cable,isolation,V Bar Tricep Pushdown,strength
Waiter Curl,arms,dumbbell,isolation,DB Waiter Curl,strength
Weighted Tricep Dip,arms,bodyweight,compound,Weighted Bench Dip,strength
Wide Grip Barbell Curl,arms,barbell,isolation,Wide Grip BB Curl,strength
Wrist Roller,arms,other,isolation,Forearm Roller,strength
Zottman Curl,arms,dumbbell,isolation,DB Zottman Curl,strength
Ab Bench Crunch,core,machine,isolation,Decline Ab Crunch,strength
Ab Bicycle,core,bodyweight,isolation,Bicycle Abs,bodyweight
Ab Crunch on Cable Machine,core,cable,isolation,Standing Cable Ab Crunch,strength
Ab Rollout,core,other,isolation,"Ab Wheel Rollout, Ab Wheel, Ab Roller, Barbell Rollout",strength
Ab Wheel from Knees,core,other,isolation,Kneeling Ab Wheel Rollout,strength
Ab Wheel Standing,core,other,isolation,Full Ab Wheel Rollout,strength
Alternating V-Up,core,bodyweight,isolation,Alt V Up,bodyweight
Band Crunch,core,band,isolation,Resistance Band Crunch,strength
Band Dead Bug,core,band,isolation,Banded Dead Bug,strength
Band Neck Side Flexion,core,band,isolation,Banded Neck Lateral Flexion,strength
Band Pallof Press,core,band,isolation,Banded Pallof Press,strength
Banded Pallof Walk,core,band,isolation,Pallof Walk,strength
Barbell Rollout from Feet,core,barbell,isolation,Standing Barbell Rollout,strength
Bear Crawl,core,bodyweight,compound,Bear Crawl Exercise,bodyweight
Bicycle Crunch,core,bodyweight,isolation,"Bicycle Crunches, Air Bike",bodyweight
Bicycle V-Up,core,bodyweight,isolation,Bicycle V Up,bodyweight
Bird Dog,core,bodyweight,isolation,Bird Dogs,bodyweight
Bird Dog to Push Up,core,bodyweight,compound,Bird Dog Push Up,bodyweight
Birddog Row,core,dumbbell,compound,Bird Dog DB Row,strength
Body Saw Plank,core,bodyweight,isolation,Body Saw,bodyweight
Bottoms Up Carry,core,kettlebell,compound,KB Bottoms Up Carry,carry_sled
Cable Crunch,core,cable,isolation,"Kneeling Cable Crunch, Rope Crunch",strength
Cable Lift,core,cable,compound,Cable Chop Low to High,strength
Cable Oblique Crunch,core,cable,isolation,Standing Cable Crunch Oblique,strength
Cable Pallof Press Hold,core,cable,isolation,Pallof ISO Hold,holds
Cable Pallof Press Walk,core,cable,isolation,Pallof Press Walk Out,strength
Cable Pull In,core,cable,isolation,Cable Knee Tuck,strength
Cable Pull In Crunch,core,cable,isolation,Cable Tuck Crunch,strength
Cable Russian Twist,core,cable,isolation,Cable Twist,strength
Cable Side Bend,core,cable,isolation,Cable Lateral Flexion,strength
Cable Woodchop Half Kneeling,core,cable,compound,Kneeling Woodchop,strength
Captain's Chair Leg Raise,core,machine,isolation,Roman Chair Leg Raise,strength
Cat Cow,core,bodyweight,isolation,"Cat-Cow, Cat Cow Stretch",bodyweight
Copenhagen Plank Raise,core,bodyweight,isolation,Copenhagen Raise,bodyweight
Copenhagen Side Plank,core,bodyweight,isolation,Copenhagen Plank Oblique,holds
Crab Walk,core,bodyweight,compound,Crab Walk Exercise,bodyweight
Cross Body Mountain Climber,core,bodyweight,compound,Cross Mountain Climber,bodyweight
Crunch,core,bodyweight,isolation,"Crunches, Ab Crunch, Basic Crunch",bodyweight
Dead Bug,core,bodyweight,isolation,Dead Bugs,bodyweight
Dead Bug March,core,bodyweight,isolation,Marching Dead Bug,bodyweight
Dead Bug Press,core,dumbbell,isolation,DB Dead Bug Press,strength
Dead Bug Pullover,core,dumbbell,isolation,DB Dead Bug Pullover,strength
Dead Bug with Ball,core,other,isolation,Medicine Ball Dead Bug,strength
Decline Bench Leg Raise,core,bodyweight,isolation,Decline Leg Raise,bodyweight
Decline Crunch,core,bodyweight,isolation,"Decline Sit Up, Decline Crunch",bodyweight
Decline Plank,core,bodyweight,isolation,Feet Elevated Plank,holds
Decline Reverse Crunch,core,bodyweight,isolation,Decline Reverse Crunch BW,bodyweight
Double KB Front Rack Carry,core,kettlebell,compound,Double Rack Carry,carry_sled
Dragon Flag,core,bodyweight,isolation,Bruce Lee Dragon Flag,bodyweight
Dragon Flag Negative,core,bodyweight,isolation,Eccentric Dragon Flag,bodyweight
Dumbbell Russian Twist,core,dumbbell,isolation,DB Russian Twist,strength
Dumbbell Waiter Walk,core,dumbbell,compound,DB Waiter Carry,carry_sled
Dumbbell Woodchop,core,dumbbell,compound,DB Woodchop,strength
Farmer Carry,core,dumbbell,compound,Farmer Walk Core,carry_sled
Farmer Walk Pause,core,dumbbell,compound,Farmer Carry Pause,carry_sled
Flutter Kick,core,bodyweight,isolation,Flutter Kicks,bodyweight
Four Way Neck Machine,core,machine,isolation,Neck Machine,strength
GHD Hip Extension,core,machine,isolation,GHD Back Extension,strength
GHD Sit Up,core,machine,isolation,"GHD Situp, Glute Ham Sit Up",strength
Half Kneeling Cable Chop,core,cable,compound,Kneeling Cable Chop,strength
Half Kneeling Cable Lift,core,cable,compound,Kneeling Cable Lift,strength
Half Kneeling Pallof Press,core,cable,isolation,Kneeling Pallof Press,strength
Half Turkish Get Up,core,kettlebell,compound,Half TGU,strength
Hanging Garhammer Raise,core,bodyweight,isolation,Garhammer Raise,bodyweight
Hanging Knee Raise,core,bodyweight,isolation,"Hanging Knee Raise, Knee Raise Hanging",bodyweight
Hanging L-Sit,core,bodyweight,isolation,Bar L-Sit,holds
Hanging Leg Raise,core,bodyweight,isolation,"Hanging Leg Raise, Straight Leg Raise Hanging",bodyweight
Hanging Oblique Knee Raise,core,bodyweight,isolation,Hanging Side Knee Raise,bodyweight
Hanging Tuck,core,bodyweight,isolation,Hanging Tuck Hold,holds
Hanging Windshield Wiper,core,bodyweight,isolation,Hanging Wipers,bodyweight
Hanging Windshield Wiper Straight Leg,core,bodyweight,isolation,Straight Leg Wipers,bodyweight
Heavy Bag Work,core,other,compound,Boxing Bag,strength
Heel Touch,core,bodyweight,isolation,"Heel Touches, Alternate Heel Touch",bodyweight
High to Low Woodchop,core,cable,compound,High to Low Cable Chop,strength
Hollow Body Flutter Kick,core,bodyweight,isolation,Hollow Body Kicks,bodyweight
Hollow Body Hold,core,bodyweight,isolation,"Hollow Hold, Dish Hold",holds
Hollow Body Rock,core,bodyweight,isolation,Hollow Rock,bodyweight
Inchworm,core,bodyweight,compound,Inch Worm,bodyweight
Incline Bench Reverse Crunch,core,bodyweight,isolation,Incline Reverse Crunch,bodyweight
Iron Neck 360,core,other,isolation,Iron Neck Rotation,strength
Kettlebell Bottoms Up Walk,core,kettlebell,compound,KB Bottoms Up Walk,carry_sled
Kettlebell Horn Walk,core,kettlebell,compound,KB Horn Carry,carry_sled
Kettlebell Windmill,core,kettlebell,compound,"KB Windmill, Windmill",strength
Kneeling Ab Rollout,core,other,isolation,Kneeling Ab Wheel,strength
L-Sit,core,bodyweight,isolation,"L Sit, L-Sit Hold",holds
L-Sit on Parallettes,core,bodyweight,isolation,Parallette L-Sit,holds
Landmine 180 Rotation,core,barbell,compound,Landmine 180,strength
Landmine Anti Rotation,core,barbell,isolation,Landmine Anti-Rotation,strength
Landmine Anti-Rotation Press,core,barbell,compound,Landmine Anti Rotation,strength
Landmine Rotation,core,barbell,compound,"Landmine Russian Twist, Landmine Twist",strength
Lateral Medicine Ball Throw,core,other,plyometric,Side Med Ball Throw,strength
Leg Raise,core,bodyweight,isolation,"Lying Leg Raise, Flat Leg Raise, Supine Leg Raise",bodyweight
Long Lever Plank,core,bodyweight,isolation,Extended Plank,holds
Low to High Woodchop,core,cable,compound,Low to High Cable Chop,strength
Lying Side Crunch,core,bodyweight,isolation,Side Lying Crunch,bodyweight
Machine Crunch,core,machine,isolation,"Ab Crunch Machine, Ab Machine",strength
Medicine Ball Crunch,core,other,isolation,Med Ball Crunch,strength
Medicine Ball Side Slam,core,other,compound,Med Ball Side Slam,strength
Medicine Ball Slam,core,other,compound,"Med Ball Slam, Ball Slam",strength
Medicine Ball Throw,core,other,plyometric,"Med Ball Throw, Medicine Ball Chest Pass",strength
Medicine Ball V-Up,core,other,isolation,Med Ball V Up,strength
Medicine Ball Woodchop,core,other,compound,Med Ball Chop,strength
Mountain Climber,core,bodyweight,compound,Mountain Climbers,bodyweight
Neck Curl,core,other,isolation,"Neck Flexion, Weighted Neck Curl",strength
Neck Extension,core,other,isolation,Neck Extension Weighted,strength
Oblique Crunch,core,bodyweight,isolation,Side Crunch,bodyweight
Offset Carry,core,kettlebell,compound,"Uneven Carry, Mixed Carry",carry_sled
Overhead Carry,core,dumbbell,compound,"Waiter Walk, Overhead Walk",carry_sled
Overhead Medicine Ball Slam,core,other,compound,Overhead Slam,strength
Overhead Plate March,core,other,compound,Plate Overhead March,strength
Pallof Lunge,core,cable,compound,Anti Rotation Lunge,strength
Pallof Press,core,cable,isolation,"Cable Pallof Press, Anti-Rotation Press",strength
Pallof Press Rotation,core,cable,isolation,Pallof Twist,strength
Pallof Squat,core,cable,compound,Anti Rotation Squat,strength
Pike Walk Out,core,bodyweight,compound,Pike Walkout,bodyweight
Plank,core,bodyweight,isolation,"Front Plank, Forearm Plank, Prone Plank",holds
Plank Pull Through,core,dumbbell,compound,Plank DB Pull Through,strength
Plank Row,core,dumbbell,compound,Plank DB Row,strength
Plank to Downward Dog,core,bodyweight,isolation,Plank Pike,bodyweight
Plank to Push Up,core,bodyweight,compound,Up Down Plank,bodyweight
Plank to Side Plank,core,bodyweight,isolation,Rotating Plank,bodyweight
Plank with Shoulder Tap,core,bodyweight,isolation,Shoulder Tap Plank,bodyweight
Plate Sit Up,core,other,isolation,Weighted Plate Sit Up,strength
Racked Carry,core,kettlebell,compound,KB Rack Carry,carry_sled
Reverse Crunch,core,bodyweight,isolation,Reverse Crunches,bodyweight
Reverse Crunch on Bench,core,bodyweight,isolation,Bench Reverse Crunch,bodyweight
Reverse Crunch with Band,core,band,isolation,Banded Reverse Crunch,strength
Reverse Plank,core,bodyweight,isolation,Supine Plank,holds
Ring L-Sit,core,bodyweight,isolation,Gymnastics Ring L Sit,holds
RKC Plank,core,bodyweight,isolation,Hard Style Plank,holds
Rocking Plank,core,bodyweight,isolation,Plank Rock,bodyweight
Rotational Medicine Ball Slam,core,other,compound,Rotational Slam,strength
Russian Twist,core,other,isolation,"Seated Russian Twist, Medicine Ball Russian Twist",strength
Scissor Kick,core,bodyweight,isolation,Scissor Kicks,bodyweight
Side Bend,core,dumbbell,isolation,"DB Side Bend, Dumbbell Side Bend, Lateral Flexion",strength
Side Plank,core,bodyweight,isolation,"Lateral Plank, Side Bridge",holds
Side Plank Dip,core,bodyweight,isolation,Side Plank Hip Dip,bodyweight
Side Plank Reach Through,core,bodyweight,isolation,Side Plank Thread Needle,bodyweight
Side Plank Star,core,bodyweight,isolation,Star Side Plank,holds
Single Arm Farmer Carry,core,kettlebell,compound,KB Suitcase Carry,carry_sled
Single Arm Overhead Carry,core,kettlebell,compound,OH KB Carry,carry_sled
Single Arm Overhead Walk,core,kettlebell,compound,Overhead KB Walk,carry_sled
Single Arm Plank,core,bodyweight,isolation,One Arm Plank,holds
Single Leg Plank,core,bodyweight,isolation,One Leg Plank,holds
Sit Up,core,bodyweight,isolation,"Sit-Up, Situp",bodyweight
Sledgehammer Slam,core,other,compound,Tire Sledgehammer,strength
Slow Mountain Climber,core,bodyweight,compound,Controlled Mountain Climber,bodyweight
Stability Ball Crunch,core,other,isolation,Swiss Ball Crunch,strength
Stability Ball Knee Tuck,core,other,compound,Swiss Ball Tuck,strength
Stability Ball Pike,core,other,compound,Swiss Ball Pike,strength
Stability Ball Rollout,core,other,isolation,Swiss Ball Rollout,strength
Standing Ab Rollout,core,other,isolation,Standing Ab Wheel,strength
Standing Cable Crunch,core,cable,isolation,Cable Standing Crunch,strength
Standing Cable Rotation,core,cable,compound,Cable Rotation,strength
Standing Oblique Crunch,core,bodyweight,isolation,Standing Side Crunch,bodyweight
Star Plank,core,bodyweight,isolation,Extended Arm Plank,holds
Stir the Pot,core,other,isolation,Stability Ball Stir the Pot,strength
Suitcase Carry,core,dumbbell,compound,"Single Arm Farmer Walk, Suitcase Walk",carry_sled
Supine Spinal Twist,core,bodyweight,isolation,Lying Twist Stretch,holds
Swiss Ball Dead Bug,core,other,isolation,Stability Ball Dead Bug,strength
Swiss Ball Pass,core,other,isolation,Stability Ball Pass,strength
Swiss Ball Plank,core,other,isolation,Stability Ball Plank,holds
Swiss Ball Side Crunch,core,other,isolation,Stability Ball Oblique Crunch,strength
Tall Plank Shoulder Tap,core,bodyweight,isolation,Push Up Shoulder Tap,bodyweight
Toe Touch,core,bodyweight,isolation,"Toe Touches, V-Up Toe Touch",bodyweight
Toes to Bar,core,bodyweight,isolation,"T2B, Toes-to-Bar",bodyweight
TRX Fallout,core,bodyweight,isolation,Suspension Fallout,bodyweight
TRX Knee Tuck,core,bodyweight,compound,Suspension Knee Tuck,bodyweight
TRX Pike,core,bodyweight,compound,Suspension Pike,bodyweight
TRX Plank,core,bodyweight,isolation,Suspension Plank,holds
TRX Side Plank,core,bodyweight,isolation,Suspension Side Plank,holds
Turkish Get Up,core,kettlebell,compound,"TGU, KB Turkish Get Up, Kettlebell Get Up",strength
V-Up,core,bodyweight,isolation,"V Up, V-Sit Up, Jackknife",bodyweight
V-Up with Medicine Ball,core,other,isolation,Med Ball V-Up,strength
Weighted Bird Dog,core,dumbbell,isolation,DB Bird Dog,strength
Weighted Crunch,core,other,isolation,Plate Crunch,strength
Weighted Dead Bug,core,dumbbell,isolation,DB Dead Bug,strength
Weighted Hanging Knee Raise,core,bodyweight,isolation,Weighted Knee Raise,strength
Weighted Hanging Leg Raise,core,bodyweight,isolation,Weighted Leg Raise Hanging,strength
Weighted Plank,core,bodyweight,isolation,Plate Plank,holds
Weighted Russian Twist,core,dumbbell,isolation,DB Russian Twist Core,strength
Weighted Side Plank,core,dumbbell,isolation,DB Side Plank,holds
Weighted Sit Up,core,other,isolation,"Plate Sit Up, DB Sit Up",strength
Windmill Barbell,core,barbell,compound,BB Windmill,strength
Windshield Wiper,core,bodyweight,isolation,"Hanging Windshield Wiper, Lying Windshield Wiper",bodyweight
Woodchop,core,cable,compound,"Cable Woodchop, Wood Chop, Cable Chop",strength
A Skip,full_body,bodyweight,cardio,A Skips,endurance
Airdyne Sprint,full_body,machine,cardio,Airdyne Max Effort,erg
Alternating Dumbbell Snatch,full_body,dumbbell,compound,Alt DB Snatch,strength
Alternating Kettlebell Swing,full_body,kettlebell,compound,Alt Hand KB Swing,strength
Ankle Hop,full_body,bodyweight,plyometric,Ankle Bounce,bodyweight
Arm Over Arm Sled Pull,full_body,other,compound,Arm Over Arm Pull,carry_sled
Assault Bike,full_body,machine,cardio,"Air Bike, Airdyne, Fan Bike, Echo Bike",erg
Assault Bike Sprint,full_body,machine,cardio,Air Bike Sprint,erg
Atlas Stone,full_body,other,compound,Atlas Stone Lift,strength
Atlas Stone Over Bar,full_body,other,compound,Stone Over Bar,strength
Axle Bar Deadlift,full_body,barbell,compound,Axle Deadlift,strength
B Skip,full_body,bodyweight,cardio,B Skips,endurance
Ball Slam,full_body,other,compound,Med Ball Slam Full Body,strength
Band Resisted Sprint,full_body,band,cardio,Banded Sprint Drill,endurance
Band Sprint,full_body,band,cardio,Resisted Sprint,endurance
Barbell Clean,full_body,barbell,compound,"Clean, Power Clean, BB Clean",strength
Barbell Clean and Front Squat,full_body,barbell,compound,BB Squat Clean,strength
Barbell Clean High Pull,full_body,barbell,compound,Clean Pull,strength
Barbell Complex,full_body,barbell,compound,BB Complex,strength
Barbell Complex DT,full_body,barbell,compound,DT WOD,strength
Barbell Hang Power Snatch,full_body,barbell,compound,Hang Power Snatch BB,strength
Barbell Hip Clean,full_body,barbell,compound,Hip Clean,strength
Barbell Jerk,full_body,barbell,compound,BB Jerk,strength
Barbell Snatch,full_body,barbell,compound,"Snatch, BB Snatch, Power Snatch",strength
Barbell Thruster,full_body,barbell,compound,"Thruster, BB Thruster, Squat to Press",strength
Barbell Thruster from Rack,full_body,barbell,compound,Rack Thruster,strength
Barbell Zercher Walk,full_body,barbell,compound,Zercher Carry Walk,carry_sled
Battle Rope Alternating Waves,full_body,other,compound,Alternating Battle Ropes,strength
Battle Rope Burpee,full_body,other,compound,Burpee Battle Rope,strength
Battle Rope Double Slam,full_body,other,compound,Double Battle Rope Slam,strength
Battle Rope Grappler Throw,full_body,other,compound,Grappler Throw Ropes,strength
Battle Rope Lateral Whip,full_body,other,compound,Lateral Battle Rope,strength
Battle Rope Slam,full_body,other,compound,"Battle Ropes, Battle Rope Waves",strength
Bear Complex,full_body,barbell,compound,Barbell Bear Complex,strength
Bear Complex Single Set,full_body,barbell,compound,Bear Complex Set,strength
Bear Crawl to Push Up,full_body,bodyweight,compound,Bear Crawl Push Up,bodyweight
Behind Neck Jerk,full_body,barbell,compound,BTN Jerk,strength
Bent Press,full_body,kettlebell,compound,KB Bent Press,strength
Bike Erg Sprint,full_body,machine,cardio,Bike Erg,erg
Bike Intervals,full_body,machine,cardio,"Cycling Intervals, Spin Intervals",erg
Bounding,full_body,bodyweight,plyometric,Power Bounding,bodyweight
Box Jump,full_body,bodyweight,plyometric,"Box Jumps, Plyo Box Jump",bodyweight
Box Jump Over,full_body,bodyweight,plyometric,Box Jump Overs,bodyweight
Box Jump Weighted,full_body,dumbbell,plyometric,Weighted Box Jump,strength
Box Step Up,full_body,bodyweight,compound,Step Up Bodyweight,bodyweight
Broad Jump,full_body,bodyweight,plyometric,"Standing Long Jump, Standing Broad Jump",bodyweight
Burpee,full_body,bodyweight,compound,Burpees,bodyweight
Burpee Box Jump,full_body,bodyweight,plyometric,Burpee Box Jump Over,bodyweight
Burpee Broad Jump,full_body,bodyweight,plyometric,"Burpee Broad Jumps, Burpee Long Jump",bodyweight
Burpee Pull Up,full_body,bodyweight,compound,Burpee to Pull Up,bodyweight
Butt Kicks,full_body,bodyweight,cardio,Butt Kick Run,endurance
Car Push,full_body,other,compound,Vehicle Push,strength
Cindy WOD,full_body,bodyweight,compound,Cindy Bodyweight,bodyweight
Circus Dumbbell Clean and Press,full_body,other,compound,Circus DB,strength
Clap Pull Up,full_body,bodyweight,plyometric,Plyometric Pull Up,bodyweight
Clean and Front Squat,full_body,barbell,compound,Squat Clean,strength
Clean and Jerk,full_body,barbell,compound,"C&J, BB Clean and Jerk",strength
Clean and Press,full_body,barbell,compound,"Clean to Press, BB Clean and Press",strength
Clean Extension,full_body,barbell,compound,Clean Pull Extension,strength
Clean Pull,full_body,barbell,compound,BB Clean Pull,strength
Cluster Set Clean,full_body,barbell,compound,Cluster Clean,strength
Conan's Wheel,full_body,other,compound,Conan Wheel Walk,carry_sled
Cone Drill,full_body,other,cardio,Agility Cones,endurance
Crawl,full_body,bodyweight,compound,"Army Crawl, Commando Crawl",bodyweight
Cross Country Skiing Machine,full_body,machine,cardio,Nordic Track,endurance
Cycling,full_body,other,cardio,"Outdoor Cycling, Road Cycling, Bike Ride",endurance
D-Ball Clean,full_body,other,compound,D Ball Clean,strength
D-Ball Over Bar,full_body,other,compound,D Ball Over Bar,strength
Deadlift to Row,full_body,barbell,compound,DL Row Combo,strength
Depth Drop,full_body,bodyweight,plyometric,Drop Landing,bodyweight
Depth Jump,full_body,bodyweight,plyometric,Depth Drop Jump,bodyweight
Devil Press,full_body,dumbbell,compound,DB Devil Press,strength
Double Kettlebell Clean,full_body,kettlebell,compound,Double KB Clean,strength
Double Kettlebell Press,full_body,kettlebell,compound,Double KB Press,strength
Double Kettlebell Snatch,full_body,kettlebell,compound,Double KB Snatch,strength
Double Kettlebell Swing,full_body,kettlebell,compound,Double KB Swing,strength
Double Kettlebell Thruster,full_body,kettlebell,compound,Double KB Thruster,strength
Double Under,full_body,other,cardio,"Double Unders, DU",bodyweight
Drop Jump,full_body,bodyweight,plyometric,Drop Jump Reactive,bodyweight
Dumbbell Clean,full_body,dumbbell,compound,"DB Clean, Dumbbell Power Clean",strength
Dumbbell Clean and Press,full_body,dumbbell,compound,DB Clean and Press,strength
Dumbbell Complex,full_body,dumbbell,compound,DB Complex,strength
Dumbbell Complex Flow,full_body,dumbbell,compound,DB Flow,strength
Dumbbell Curl to Press,full_body,dumbbell,compound,DB Curl Press,strength
Dumbbell Ground to Overhead,full_body,dumbbell,compound,"DB Ground to Overhead, DB GTO",strength
Dumbbell Hang Clean,full_body,dumbbell,compound,DB Hang Clean,strength
Dumbbell Hang Snatch,full_body,dumbbell,compound,DB Hang Snatch,strength
Dumbbell Jerk,full_body,dumbbell,compound,DB Jerk,strength
Dumbbell Jump Shrug,full_body,dumbbell,compound,DB Jump Shrug,strength
Dumbbell Power Clean,full_body,dumbbell,compound,DB Power Clean,strength
Dumbbell Power Snatch,full_body,dumbbell,compound,DB Power Snatch,strength
Dumbbell Snatch,full_body,dumbbell,compound,"DB Snatch, One Arm DB Snatch",strength
Dumbbell Thruster,full_body,dumbbell,compound,DB Thruster,strength
Elliptical,full_body,machine,cardio,"Elliptical Trainer, Cross Trainer",endurance
EMOM Burpees,full_body,bodyweight,compound,Every Minute Burpees,bodyweight
Farmers Walk Heavy,full_body,other,compound,Heavy Farmer Carry,carry_sled
Frame Carry,full_body,other,compound,Frame Walk,carry_sled
Fran WOD,full_body,barbell,compound,Fran Thruster Pullup,strength
Front Rack Carry,full_body,barbell,compound,Barbell Front Rack Carry,carry_sled
Glute Bridge to Chest Press,full_body,dumbbell,compound,Bridge Chest Press,strength
Goblet Squat to Press,full_body,dumbbell,compound,Goblet Squat Press,strength
Grace WOD,full_body,barbell,compound,Clean and Jerk Grace,strength
Half Snatch Kettlebell,full_body,kettlebell,compound,KB Half Snatch,strength
Hand Over Hand Sled Pull,full_body,other,compound,Rope Sled Pull,carry_sled
Handstand Walk,full_body,bodyweight,compound,HS Walk,bodyweight
Hang Clean,full_body,barbell,compound,"Hang Power Clean, BB Hang Clean",strength
Hang Clean and Jerk,full_body,barbell,compound,Hang C&J,strength
Hang Muscle Snatch,full_body,barbell,compound,Muscle Snatch from Hang,strength
Hang Power Clean,full_body,barbell,compound,BB Hang Power Clean,strength
Hang Power Clean Dumbbell,full_body,dumbbell,compound,DB Hang Power Clean,strength
Hang Snatch,full_body,barbell,compound,Hang Power Snatch,strength
Hang Snatch Pull,full_body,barbell,compound,Snatch Pull from Hang,strength
High Hang Clean,full_body,barbell,compound,Power Position Clean,strength
High Hang Snatch,full_body,barbell,compound,Power Position Snatch,strength
High Knees,full_body,bodyweight,cardio,High Knee Run,endurance
Hiking,full_body,bodyweight,cardio,Trail Hiking,endurance
Hill Sprint,full_body,bodyweight,cardio,"Hill Sprints, Incline Sprint",endurance
Hurdle Hop,full_body,bodyweight,plyometric,Hurdle Jump,bodyweight
Husafell Stone Carry,full_body,other,compound,Husafell Carry,carry_sled
Inchworm to Push Up,full_body,bodyweight,compound,Inchworm Push Up,bodyweight
Incline Treadmill Run,full_body,machine,cardio,Treadmill Incline Run,endurance
Isabel WOD,full_body,barbell,compound,Snatch Isabel,strength
Jacob's Ladder,full_body,machine,cardio,Jacobs Ladder,endurance
Jump Rope,full_body,other,cardio,"Skipping Rope, Skip Rope, Skipping",endurance
Jump Shrug,full_body,barbell,compound,Barbell Jump Shrug,strength
Jumping Jack,full_body,bodyweight,cardio,"Jumping Jacks, Star Jump Cardio",bodyweight
Karaoke Run,full_body,bodyweight,cardio,"Carioca Run, Grapevine",endurance
Keg Carry,full_body,other,compound,Keg Walk,carry_sled
Kettlebell Armor Building Complex,full_body,kettlebell,compound,KB Armor Complex,strength
Kettlebell Clean,full_body,kettlebell,compound,KB Clean,strength
Kettlebell Clean and Press,full_body,kettlebell,compound,KB Clean and Press,strength
Kettlebell Complex,full_body,kettlebell,compound,KB Complex,strength
Kettlebell Dead Clean,full_body,kettlebell,compound,Dead Clean KB,strength
Kettlebell Figure 8,full_body,kettlebell,compound,KB Figure Eight,strength
Kettlebell Flow,full_body,kettlebell,compound,KB Flow,strength
Kettlebell Jerk,full_body,kettlebell,compound,KB Jerk,strength
Kettlebell Lunge Clean Press,full_body,kettlebell,compound,KB Lunge Clean Press,strength
Kettlebell Snatch,full_body,kettlebell,compound,KB Snatch,strength
Kettlebell Swing Clean,full_body,kettlebell,compound,KB Swing to Clean,strength
Kettlebell Swing to Goblet Squat,full_body,kettlebell,compound,KB Swing to Squat,strength
Kettlebell Thruster,full_body,kettlebell,compound,KB Thruster,strength
Kettlebell Turkish Get Up,full_body,kettlebell,compound,KB TGU Full Body,strength
Ladder Drill,full_body,other,cardio,Agility Ladder,endurance
Landmine Squat to Press,full_body,barbell,compound,Landmine Thruster,strength
Lateral Bound,full_body,bodyweight,plyometric,"Side Bound, Skater Bound",bodyweight
Lateral Box Jump,full_body,bodyweight,plyometric,Side Box Jump,bodyweight
Lateral Hurdle Hop,full_body,bodyweight,plyometric,Side Hurdle Jump,bodyweight
Log Clean,full_body,other,compound,Log Clean Only,strength
Log Clean and Press,full_body,other,compound,Log Press,strength
Long Cycle Kettlebell,full_body,kettlebell,compound,KB Long Cycle,strength
Lunge Jump,full_body,bodyweight,plyometric,"Jump Lunge, Jumping Lunge, Split Jump",bodyweight
Lunge to Curl,full_body,dumbbell,compound,Lunge Curl Combo,strength
Man Maker,full_body,dumbbell,compound,"Manmaker, DB Man Maker",strength
Medicine Ball Chest Pass,full_body,other,plyometric,Med Ball Pass,strength
Medicine Ball Clean,full_body,other,compound,Med Ball Clean,strength
Medicine Ball Overhead Lunge,full_body,other,compound,Med Ball OH Lunge,strength
Medicine Ball Overhead Throw,full_body,other,plyometric,Med Ball Overhead Toss,strength
Medicine Ball Rotational Throw,full_body,other,plyometric,Rotational Med Ball Throw,strength
Mixed Implement Carry,full_body,kettlebell,compound,Asymmetric Carry,carry_sled
Murph WOD,full_body,bodyweight,compound,Murph Workout,bodyweight
Muscle Clean,full_body,barbell,compound,BB Muscle Clean,strength
Muscle Snatch,full_body,barbell,compound,BB Muscle Snatch,strength
Muscle Snatch Dumbbell,full_body,dumbbell,compound,DB Muscle Snatch,strength
One Arm Long Cycle KB,full_body,kettlebell,compound,Single Arm KB Long Cycle,strength
Overhead Carry Barbell,full_body,barbell,compound,BB Overhead Carry,carry_sled
Overhead Sandbag Lunge,full_body,other,compound,Sandbag Lunge Overhead,strength
Overhead Squat Snatch,full_body,barbell,compound,Snatch Overhead Squat,strength
Parachute Sprint,full_body,other,cardio,Sprint with Parachute,endurance
Plate Ground to Overhead,full_body,other,compound,Plate GTO,strength
Plyo Lunge,full_body,bodyweight,plyometric,Plyometric Lunge,bodyweight
Pogo Jump,full_body,bodyweight,plyometric,Pogo Hops,bodyweight
Power Clean and Push Press,full_body,barbell,compound,Clean Push Press,strength
Power Clean from Blocks,full_body,barbell,compound,Block Clean,strength
Power Jerk,full_body,barbell,compound,BB Power Jerk,strength
Power Skip,full_body,bodyweight,plyometric,Power Skips,bodyweight
Power Snatch from Hang,full_body,barbell,compound,Hang Snatch Power,strength
Press in Clean,full_body,barbell,compound,Sots Press,strength
Pro Agility Shuttle,full_body,bodyweight,cardio,5-10-5 Drill,endurance
Prowler Push Heavy,full_body,other,compound,Heavy Sled Push,carry_sled
Push Jerk,full_body,barbell,compound,BB Push Jerk,strength
Push Up to Renegade Row,full_body,dumbbell,compound,Push Up Row,strength
RDL to Upright Row,full_body,barbell,compound,RDL Upright Row,strength
Ring Row,full_body,bodyweight,compound,Gymnastics Ring Row,bodyweight
Rope Climb,full_body,bodyweight,compound,Rope Climb Exercise,bodyweight
Rower Intervals,full_body,machine,cardio,"Rowing Intervals, Row Intervals",erg
Rowing Machine,full_body,machine,cardio,"Rower, Erg, Indoor Rowing, Rowing Erg, Concept 2 Row",erg
Rowing Machine Sprint,full_body,machine,cardio,Rowing Max Effort,erg
Rowing Sprint,full_body,machine,cardio,"500m Row, Row Sprint",erg
Running,full_body,bodyweight,cardio,"Run, Jog, Jogging, Outdoor Run",endurance
Sandbag Bear Hug Carry,full_body,other,compound,Bear Hug Carry,carry_sled
Sandbag Carry,full_body,other,compound,Sand Bag Carry,carry_sled
Sandbag Clean,full_body,other,compound,Sand Bag Clean,strength
Sandbag Clean to Shoulder,full_body,other,compound,Sandbag Shoulder,strength
Sandbag Get Up,full_body,other,compound,Sand Bag Get Up,strength
Sandbag Over Shoulder,full_body,other,compound,Bag Over Shoulder,strength
Sandbag Over Wall,full_body,other,compound,Sandbag Wall Throw,strength
Sandbag Squat,full_body,other,compound,Sand Bag Squat,strength
Sandbag Squat Clean,full_body,other,compound,Sandbag Clean Squat,strength
Sandbag Thruster,full_body,other,compound,Sand Bag Thruster,strength
Seated Box Jump,full_body,bodyweight,plyometric,Seated Vertical Jump,bodyweight
Shuttle Run,full_body,bodyweight,cardio,Shuttle Sprint,endurance
Single Arm DB Snatch,full_body,dumbbell,compound,One Arm Dumbbell Snatch,strength
Single Arm Kettlebell Clean,full_body,kettlebell,compound,One Arm KB Clean,strength
Single Leg Bound,full_body,bodyweight,plyometric,Single Leg Bounding,bodyweight
Single Leg Box Jump,full_body,bodyweight,plyometric,One Leg Box Jump,bodyweight
Single Leg Hop,full_body,bodyweight,plyometric,One Leg Hop,bodyweight
Skater Jump,full_body,bodyweight,plyometric,"Skaters, Ice Skaters",bodyweight
Ski Erg,full_body,machine,cardio,"Ski Ergometer, SkiErg",erg
SkiErg Sprint,full_body,machine,cardio,Ski Erg Sprint,erg
Slam Ball,full_body,other,plyometric,Slam Ball Exercise,strength
Sled March,full_body,other,compound,Prowler March,carry_sled
Sled Push Sprint,full_body,other,compound,Prowler Sprint,carry_sled
Sled Push Sprint Short,full_body,other,compound,Short Sled Push,carry_sled
Sled Row,full_body,other,compound,Sled Hand Over Hand Row,carry_sled
Snatch Balance,full_body,barbell,compound,Drop Snatch,strength
Snatch Extension,full_body,barbell,compound,Snatch Pull Extension,strength
Snatch from Blocks,full_body,barbell,compound,Block Snatch,strength
Snatch High Pull,full_body,barbell,compound,Snatch Pull,strength
Split Clean,full_body,barbell,compound,Clean to Split,strength
Split Jerk,full_body,barbell,compound,BB Split Jerk,strength
Sprawl,full_body,bodyweight,compound,Sprawl Exercise,bodyweight
Sprint,full_body,bodyweight,cardio,"Running Sprint, Sprints",endurance
Squat Jerk,full_body,barbell,compound,BB Squat Jerk,strength
Squat Jump,full_body,bodyweight,plyometric,"Jump Squat, Squat Jumps, Jumping Squat",bodyweight
Squat to Overhead Press,full_body,dumbbell,compound,"Squat Press, DB Squat to Press",strength
Stair Climber,full_body,machine,cardio,"Stairmaster, Stair Master, Step Mill",endurance
Stairmaster Intervals,full_body,machine,cardio,Stair Climber Intervals,endurance
Star Jump,full_body,bodyweight,plyometric,Star Jumps,bodyweight
Stationary Bike,full_body,machine,cardio,"Cycle, Exercise Bike, Bike, Spin Bike",erg
Stone Load to Platform,full_body,other,compound,Stone Load,strength
Stone to Shoulder,full_body,other,compound,Stone Over Shoulder,strength
Sumo Deadlift High Pull,full_body,barbell,compound,"SDHP, Sumo High Pull",strength
Swimming,full_body,other,cardio,"Swim, Pool Swim, Lap Swim",endurance
Swimming Intervals,full_body,other,cardio,Swim Intervals,endurance
T-Drill,full_body,bodyweight,cardio,T Agility Drill,endurance
Tabata Sprints,full_body,bodyweight,cardio,Tabata Sprint,endurance
Tall Clean,full_body,barbell,compound,BB Tall Clean,strength
Tall Snatch,full_body,barbell,compound,BB Tall Snatch,strength
Tire Flip,full_body,other,compound,Tyre Flip,strength
Trap Bar Carry,full_body,barbell,compound,Hex Bar Carry,carry_sled
Trap Bar Farmers Walk,full_body,barbell,compound,Hex Bar Farmer Walk,carry_sled
Treadmill Incline Walk,full_body,machine,cardio,"Incline Walk, Treadmill Incline",endurance
Treadmill Run,full_body,machine,cardio,"Treadmill, Treadmill Jog, Treadmill Walk",endurance
Treadmill Sprint,full_body,machine,cardio,Treadmill Max Sprint,endurance
Tuck Jump,full_body,bodyweight,plyometric,Tuck Jumps,bodyweight
Turkish Get Up Barbell,full_body,barbell,compound,BB Turkish Get Up,strength
Turkish Get Up Dumbbell,full_body,dumbbell,compound,DB Turkish Get Up,strength
Turkish Get Up to Windmill,full_body,kettlebell,compound,TGU to Windmill,strength
Versa Climber Intervals,full_body,machine,cardio,VersaClimber Intervals,endurance
VersaClimber,full_body,machine,cardio,Versa Climber,endurance
Vertical Jump,full_body,bodyweight,plyometric,Max Vertical Jump,bodyweight
Wall Ball,full_body,other,compound,"Wall Ball Shot, Wall Balls",strength
Weighted Vest Run,full_body,other,cardio,Ruck Run,endurance
Weighted Vest Walk,full_body,other,cardio,"Rucking, Ruck Walk",endurance
World's Greatest Stretch,full_body,bodyweight,compound,"Worlds Greatest Stretch, WGS",bodyweight
Yoke Walk,full_body,other,compound,Yoke Carry,carry_sled
Yoke Walk Heavy,full_body,other,compound,Heavy Yoke,carry_sled
Zercher Carry,full_body,barbell,compound,Zercher Walk,carry_sled
